Name,URL,Team,Age,RestrictArea_FGM,RestrictArea_FGA,RestrictArea_FGpercent,Paint_FGM,Paint_FGA,Paint_FGpercent,MidRange_FGM,MidRange_FGA,MidRange_FGpercent,LeftCorner3_FGM,LeftCorner3_FGA,LeftCorner3_FGpercent,RightCorner3_FGM,RightCorner3_FGA,RightCorner3_FGpercent,Totals_FGM,Totals_FGA,Totals_FGpercent,AboveBreak3_FGM,AboveBreak3_FGA,AboveBreak3_FGpercent
Aaron Brooks,/stats/player/201166/,MIN,33.0,0.3,0.6,46.7,0.1,0.3,28.6,0.3,0.6,50.0,0.1,0.2,33.3,0.2,0.2,100.0,0.2,0.3,60.0,0.3,0.8,33.3
Aaron Gordon,/stats/player/203932/,ORL,22.0,3.2,4.6,69.7,0.4,1.7,22.0,0.9,2.7,33.1,0.3,0.8,35.6,0.2,0.5,38.5,0.4,1.2,36.6,1.5,4.7,33.0
Aaron Harrison,/stats/player/1626151/,DAL,23.0,0.6,1.0,55.6,0.2,0.4,50.0,0.3,1.4,23.1,0.1,1.0,11.1,0.1,0.6,20.0,0.2,1.6,14.3,0.8,3.2,24.1
Aaron Jackson,/stats/player/1628935/,HOU,32.0,1.0,3.0,33.3,1.0,2.0,50.0,0.0,0.0,0.0,0.0,1.0,0.0,0.0,0.0,0.0,0.0,1.0,0.0,1.0,3.0,33.3
Abdel Nader,/stats/player/1627846/,BOS,24.0,0.4,1.0,42.6,0.1,0.6,17.9,0.0,0.2,22.2,0.1,0.3,40.0,0.2,0.6,35.7,0.3,0.7,37.5,0.3,0.9,34.1
Adreian Payne,/stats/player/203940/,ORL,27.0,0.2,0.2,100.0,0.5,0.5,100.0,0.5,1.0,50.0,0.3,0.3,100.0,0.0,0.0,0.0,0.3,0.3,100.0,0.3,0.5,50.0
Al Horford,/stats/player/201143/,BOS,32.0,1.8,2.6,69.2,1.1,2.6,41.7,0.9,2.1,42.2,0.1,0.3,50.0,0.1,0.3,55.6,0.3,0.5,52.8,1.1,2.7,40.8
Al Jefferson,/stats/player/2744/,IND,33.0,1.1,1.8,59.4,1.1,1.9,58.8,0.9,2.1,44.6,0.0,0.0,0.0,0.0,0.0,0.0,0.0,0.0,0.0,0.0,0.1,0.0
Al-Farouq Aminu,/stats/player/202329/,POR,27.0,1.2,2.0,59.7,0.2,0.9,25.8,0.1,0.6,14.3,0.3,0.7,42.6,0.4,0.7,52.0,0.7,1.4,47.4,1.1,3.5,32.6
Alan Williams,/stats/player/1626210/,PHX,25.0,0.8,1.4,57.1,0.6,2.0,30.0,0.0,0.2,0.0,0.0,0.0,0.0,0.0,0.0,0.0,0.0,0.0,0.0,0.0,0.0,0.0
Alec Burks,/stats/player/202692/,UTA,26.0,1.1,1.8,60.2,0.4,1.3,28.9,0.4,1.1,39.4,0.1,0.2,38.5,0.1,0.2,25.0,0.1,0.4,32.0,0.6,1.8,33.6
Alec Peters,/stats/player/1628409/,PHX,23.0,0.3,0.5,60.0,0.1,0.1,100.0,0.1,0.2,50.0,0.2,0.6,36.4,0.1,0.6,14.3,0.3,1.1,27.8,0.7,2.0,32.5
Alex Abrines,/stats/player/203518/,OKC,24.0,0.3,0.6,57.5,0.1,0.2,40.0,0.0,0.2,17.6,0.1,0.4,37.5,0.2,0.6,37.1,0.3,0.9,37.3,0.8,2.2,38.4
Alex Caruso,/stats/player/1627936/,LAL,24.0,0.8,1.1,70.0,0.1,0.5,26.3,0.1,0.4,28.6,0.0,0.1,0.0,0.0,0.1,0.0,0.0,0.2,0.0,0.4,1.0,35.1
Alex Len,/stats/player/203458/,PHX,25.0,2.7,4.4,61.6,0.2,0.6,38.5,0.1,0.4,31.0,0.0,0.0,0.0,0.0,0.0,0.0,0.0,0.0,0.0,0.0,0.0,33.3
Alex Poythress,/stats/player/1627816/,IND,24.0,0.3,0.5,58.3,0.0,0.0,0.0,0.0,0.1,0.0,0.1,0.2,50.0,0.1,0.3,50.0,0.1,0.3,50.0,0.1,0.3,28.6
Alfonzo McKinnie,/stats/player/1628035/,TOR,25.0,0.2,0.2,100.0,0.2,0.3,66.7,0.1,0.1,100.0,0.3,0.6,50.0,0.0,0.2,0.0,0.3,0.7,40.0,0.1,0.4,25.0
Allen Crabbe,/stats/player/203459/,BKN,26.0,0.8,1.1,71.4,0.4,1.1,38.8,0.6,1.7,34.1,0.2,0.5,47.1,0.2,0.6,33.3,0.4,1.1,39.2,2.3,6.0,37.9
Amir Johnson,/stats/player/101161/,PHI,31.0,1.2,1.8,66.2,0.5,1.1,45.1,0.0,0.1,30.0,0.0,0.0,0.0,0.1,0.1,50.0,0.0,0.1,33.3,0.1,0.3,31.8
Andre Drummond,/stats/player/203083/,DET,24.0,5.1,8.1,63.0,0.8,2.8,28.7,0.1,0.3,32.0,0.0,0.0,0.0,0.0,0.0,0.0,0.0,0.0,0.0,0.0,0.1,0.0
Andre Iguodala,/stats/player/2738/,GSW,34.0,1.3,1.7,75.5,0.2,0.5,28.6,0.3,0.9,37.9,0.0,0.2,0.0,0.1,0.2,33.3,0.1,0.4,17.4,0.5,1.4,31.9
Andre Ingram,/stats/player/201281/,LAL,32.0,0.0,0.0,0.0,1.0,2.0,50.0,0.5,2.0,25.0,0.5,0.5,100.0,0.0,0.0,0.0,0.5,0.5,100.0,2.0,4.0,50.0
Andre Roberson,/stats/player/203460/,OKC,26.0,2.0,3.2,64.2,0.0,0.1,0.0,0.0,0.0,0.0,0.1,0.4,28.6,0.0,0.2,0.0,0.1,0.5,19.0,0.1,0.4,26.7
Andrew Bogut,/stats/player/101106/,LAL,33.0,0.6,0.8,77.8,0.1,0.3,33.3,0.0,0.0,100.0,0.0,0.0,0.0,0.0,0.0,0.0,0.0,0.0,0.0,0.0,0.0,0.0
Andrew Harrison,/stats/player/1626150/,MEM,23.0,1.4,2.4,56.9,0.4,1.0,35.7,0.6,1.7,38.3,0.2,0.6,28.6,0.1,0.3,33.3,0.2,0.8,30.2,0.6,1.8,34.3
Andrew White III,/stats/player/1628510/,ATL,25.0,0.2,0.6,33.3,0.2,0.4,60.0,0.1,0.7,10.0,0.2,0.3,50.0,0.2,0.5,33.3,0.3,0.8,40.0,0.9,2.6,35.9
Andrew Wiggins,/stats/player/203952/,MIN,23.0,2.8,4.1,67.6,1.3,3.0,43.7,1.5,4.6,31.8,0.2,0.5,41.5,0.1,0.3,40.9,0.3,0.8,41.3,1.0,3.3,31.5
Ante Zizic,/stats/player/1627790/,CLE,21.0,1.5,1.8,82.2,0.4,0.7,61.1,0.0,0.1,25.0,0.0,0.0,0.0,0.0,0.0,0.0,0.0,0.0,0.0,0.0,0.0,0.0
Anthony Brown,/stats/player/1626148/,MIN,25.0,0.0,0.0,0.0,0.0,0.0,0.0,0.0,0.0,0.0,1.0,1.0,100.0,0.0,0.0,0.0,1.0,1.0,100.0,0.0,0.0,0.0
Anthony Davis,/stats/player/203076/,NOP,25.0,5.9,8.0,73.1,1.8,3.9,46.8,2.0,5.4,36.4,0.1,0.2,33.3,0.0,0.0,66.7,0.1,0.2,40.0,0.7,1.9,34.0
Anthony Tolliver,/stats/player/201229/,DET,33.0,0.6,0.9,70.4,0.1,0.3,20.8,0.1,0.2,41.7,0.1,0.4,30.3,0.4,0.8,47.5,0.5,1.2,41.5,1.5,3.4,44.3
Antonio Blakeney,/stats/player/1628469/,CHI,21.0,0.8,1.4,55.6,0.3,1.2,27.3,0.9,2.2,40.5,0.3,0.6,50.0,0.1,0.5,28.6,0.4,1.0,41.2,0.4,1.9,22.9
Antonius Cleveland,/stats/player/1628499/,ATL,24.0,0.1,0.4,40.0,0.0,0.2,0.0,0.2,0.6,33.3,0.1,0.1,100.0,0.0,0.0,0.0,0.1,0.1,100.0,0.1,0.2,66.7
Aron Baynes,/stats/player/203382/,BOS,31.0,1.3,2.3,54.7,0.5,1.2,40.6,0.8,1.7,46.3,0.0,0.0,0.0,0.0,0.1,10.0,0.0,0.2,7.7,0.0,0.1,25.0
Arron Afflalo,/stats/player/201167/,ORL,32.0,0.2,0.4,55.0,0.2,0.3,50.0,0.3,1.0,32.7,0.2,0.6,36.4,0.0,0.2,12.5,0.2,0.6,30.0,0.3,0.7,46.2
Austin Rivers,/stats/player/203085/,LAC,25.0,2.4,4.4,55.0,0.8,2.3,34.1,0.1,0.6,25.0,0.2,0.5,38.7,0.1,0.5,29.6,0.3,1.0,34.5,1.9,5.0,38.4
Avery Bradley,/stats/player/202340/,LAC,27.0,2.1,3.5,58.3,0.5,1.7,28.8,1.4,3.9,36.9,0.5,1.2,43.4,0.2,0.4,38.9,0.7,1.5,42.3,1.0,2.9,34.1
Bam Adebayo,/stats/player/1628389/,MIA,20.0,2.1,3.4,62.7,0.3,1.0,25.4,0.2,0.5,33.3,0.0,0.0,0.0,0.0,0.0,0.0,0.0,0.0,0.0,0.0,0.0,0.0
Ben McLemore,/stats/player/203463/,MEM,25.0,1.1,1.9,56.9,0.3,0.6,38.9,0.5,1.3,37.1,0.3,0.7,39.4,0.1,0.3,38.5,0.3,0.9,39.1,0.7,2.0,33.3
Ben Moore,/stats/player/1628500/,IND,23.0,0.0,0.0,0.0,0.0,0.0,0.0,0.0,0.0,0.0,0.0,0.0,0.0,0.0,0.0,0.0,0.0,0.0,0.0,0.0,0.0,0.0
Ben Simmons,/stats/player/1627732/,PHI,21.0,4.6,6.5,71.0,1.7,4.3,39.6,0.4,1.3,27.8,0.0,0.0,0.0,0.0,0.0,0.0,0.0,0.0,0.0,0.0,0.0,0.0
Bismack Biyombo,/stats/player/202687/,ORL,25.0,1.7,2.6,65.9,0.4,1.2,31.0,0.2,0.5,32.5,0.0,0.0,0.0,0.0,0.0,0.0,0.0,0.0,0.0,0.0,0.0,0.0
Blake Griffin,/stats/player/201933/,DET,29.0,3.7,5.9,63.8,1.0,3.0,34.1,0.8,2.8,30.4,0.2,0.4,40.0,0.1,0.2,50.0,0.3,0.6,43.2,1.6,4.9,33.6
Boban Marjanovic,/stats/player/1626246/,LAC,29.0,1.5,2.1,69.6,0.6,1.6,35.6,0.1,0.3,30.0,0.0,0.0,0.0,0.0,0.0,0.0,0.0,0.0,0.0,0.0,0.0,0.0
Bobby Brown,/stats/player/201628/,HOU,33.0,0.2,0.4,57.1,0.0,0.3,0.0,0.2,0.3,66.7,0.2,0.2,100.0,0.0,0.1,0.0,0.1,0.2,66.7,0.5,1.9,24.3
Bobby Portis,/stats/player/1626171/,CHI,23.0,2.1,3.9,55.0,0.9,1.8,50.4,1.1,2.4,46.3,0.1,0.2,42.9,0.0,0.2,27.3,0.1,0.3,36.0,1.0,2.7,36.0
Bogdan Bogdanovic,/stats/player/203992/,SAC,25.0,1.0,1.7,58.5,0.6,1.5,40.0,1.2,2.5,46.9,0.1,0.2,60.0,0.2,0.4,40.7,0.3,0.5,47.6,1.4,3.5,38.8
Bojan Bogdanovic,/stats/player/202711/,IND,29.0,1.9,3.1,61.5,0.6,1.3,41.5,0.7,1.5,47.9,0.3,0.7,42.1,0.4,0.7,50.0,0.7,1.4,46.1,1.3,3.4,37.4
Bradley Beal,/stats/player/203078/,WAS,25.0,2.8,4.2,65.8,0.8,2.3,36.1,2.3,5.1,44.8,0.2,0.4,40.0,0.1,0.2,36.8,0.3,0.7,38.9,2.2,5.8,37.6
Brandan Wright,/stats/player/201148/,HOU,30.0,1.8,2.6,68.5,0.2,0.8,28.6,0.1,0.3,37.5,0.0,0.0,0.0,0.0,0.0,0.0,0.0,0.0,0.0,0.0,0.0,0.0
Brandon Ingram,/stats/player/1627742/,LAL,20.0,3.4,5.5,61.8,0.5,1.9,23.9,1.5,3.7,41.2,0.1,0.2,45.5,0.2,0.3,47.4,0.2,0.5,46.7,0.5,1.3,36.5
Brandon Jennings,/stats/player/201943/,MIL,28.0,0.4,0.7,60.0,0.3,0.9,30.8,0.6,1.1,50.0,0.0,0.2,0.0,0.1,0.2,50.0,0.1,0.3,25.0,0.6,2.1,27.6
Brandon Paul,/stats/player/203464/,SAS,27.0,0.6,0.9,66.0,0.1,0.2,50.0,0.1,0.3,21.4,0.1,0.2,28.6,0.1,0.2,25.0,0.1,0.3,26.7,0.2,0.7,28.9
Briante Weber,/stats/player/1627362/,MEM,25.0,0.4,0.7,53.8,0.2,0.7,33.3,0.2,0.4,57.1,0.0,0.0,0.0,0.0,0.1,0.0,0.0,0.1,0.0,0.2,0.6,40.0
Brice Johnson,/stats/player/1627744/,MEM,24.0,0.8,1.2,68.4,0.2,0.6,37.5,0.3,0.9,28.6,0.0,0.0,0.0,0.0,0.0,0.0,0.0,0.0,0.0,0.0,0.1,0.0
Brook Lopez,/stats/player/201572/,LAL,30.0,1.6,2.2,72.1,1.5,3.1,47.2,0.4,1.0,40.3,0.1,0.3,43.5,0.1,0.3,50.0,0.3,0.6,46.5,1.2,3.8,32.6
Bruno Caboclo,/stats/player/203998/,SAC,22.0,0.3,0.4,60.0,0.1,0.4,25.0,0.2,0.5,40.0,0.1,0.6,20.0,0.2,0.3,50.0,0.2,0.8,28.6,0.1,1.0,10.0
Bryn Forbes,/stats/player/1627854/,SAS,24.0,0.3,0.6,55.6,0.5,1.1,42.4,0.8,1.8,42.1,0.2,0.5,45.2,0.1,0.2,64.3,0.3,0.6,51.1,0.8,2.3,36.5
Buddy Hield,/stats/player/1627741/,SAC,25.0,1.4,2.3,59.9,0.4,1.2,30.3,1.3,3.1,41.5,0.3,0.6,46.7,0.2,0.4,60.7,0.5,0.9,52.1,1.7,4.1,41.4
C.J. Williams,/stats/player/203710/,LAC,28.0,1.0,1.3,72.9,0.4,0.9,40.6,0.5,1.1,43.6,0.1,0.5,21.4,0.1,0.4,33.3,0.2,0.8,26.9,0.4,1.4,28.8
CJ McCollum,/stats/player/203468/,POR,26.0,2.0,3.8,53.2,1.5,3.4,44.4,2.3,5.4,42.9,0.2,0.5,35.7,0.1,0.3,39.1,0.3,0.8,36.9,2.0,5.1,40.2
CJ Miles,/stats/player/101139/,TOR,31.0,0.6,0.9,60.9,0.2,0.6,27.5,0.2,0.6,29.3,0.4,0.7,53.3,0.4,0.8,45.8,0.7,1.4,49.5,1.6,5.0,32.5
Caleb Swanigan,/stats/player/1628403/,POR,21.0,0.7,1.4,52.9,0.1,0.4,30.0,0.1,0.3,25.0,0.0,0.1,0.0,0.0,0.0,0.0,0.0,0.1,0.0,0.0,0.3,14.3
Cameron Payne,/stats/player/1626166/,CHI,23.0,1.1,2.0,56.0,0.6,1.8,31.8,0.4,1.2,33.3,0.0,0.1,50.0,0.1,0.3,33.3,0.1,0.3,37.5,1.3,3.3,38.6
Caris LeVert,/stats/player/1627747/,BKN,23.0,2.3,3.7,61.1,0.7,2.1,33.3,0.4,1.1,32.1,0.1,0.3,35.0,0.0,0.2,14.3,0.1,0.5,26.5,1.1,3.0,36.0
Carmelo Anthony,/stats/player/2546/,OKC,34.0,1.1,1.9,56.4,0.5,1.1,45.2,2.3,5.9,39.3,0.1,0.3,23.8,0.2,0.5,40.0,0.2,0.7,33.9,1.9,5.4,35.8
Cedi Osman,/stats/player/1626224/,CLE,23.0,0.7,0.9,74.0,0.1,0.3,37.5,0.3,0.6,45.5,0.1,0.4,35.3,0.3,0.7,39.1,0.3,0.9,37.5,0.3,0.8,37.0
Chandler Parsons,/stats/player/202718/,MEM,29.0,0.8,1.1,67.5,0.4,0.8,46.4,0.5,1.3,37.8,0.1,0.3,44.4,0.2,0.4,53.8,0.3,0.6,50.0,1.1,2.8,40.4
Channing Frye,/stats/player/101112/,LAL,35.0,0.7,0.8,79.1,0.2,0.3,62.5,0.4,0.7,55.3,0.1,0.2,28.6,0.1,0.3,30.0,0.1,0.4,29.4,0.6,1.8,35.1
Charles Cooke,/stats/player/1628429/,NOP,23.0,0.0,0.2,0.0,0.1,0.2,50.0,0.0,0.2,0.0,0.0,0.8,0.0,0.5,0.5,100.0,0.2,0.8,25.0,0.0,0.4,0.0
Cheick Diallo,/stats/player/1627767/,NOP,21.0,1.4,1.9,73.6,0.3,0.7,42.9,0.3,0.9,37.2,0.0,0.0,0.0,0.0,0.0,0.0,0.0,0.0,0.0,0.0,0.0,0.0
Chinanu Onuaku,/stats/player/1627778/,HOU,21.0,1.0,2.0,50.0,1.0,2.0,50.0,0.0,1.0,0.0,0.0,0.0,0.0,0.0,0.0,0.0,0.0,0.0,0.0,0.0,0.0,0.0
Chris Boucher,/stats/player/1628449/,GSW,25.0,0.0,0.0,0.0,0.0,0.0,0.0,0.0,0.0,0.0,0.0,1.0,0.0,0.0,0.0,0.0,0.0,1.0,0.0,0.0,0.0,0.0
Chris McCullough,/stats/player/1626191/,WAS,23.0,0.6,0.9,64.7,0.1,0.5,25.0,0.2,0.5,44.4,0.0,0.0,0.0,0.0,0.0,0.0,0.0,0.0,0.0,0.1,0.4,12.5
Chris Paul,/stats/player/101108/,HOU,33.0,0.9,1.5,63.2,1.2,2.6,47.1,1.7,3.1,53.9,0.2,0.5,32.1,0.3,0.5,64.3,0.5,1.0,48.2,2.0,5.5,36.5
Clint Capela,/stats/player/203991/,HOU,24.0,5.5,7.9,69.3,0.4,1.0,42.1,0.0,0.2,23.1,0.0,0.0,0.0,0.0,0.0,0.0,0.0,0.0,0.0,0.0,0.0,0.0
Cody Zeller,/stats/player/203469/,CHA,25.0,1.9,3.3,56.9,0.3,0.6,52.4,0.3,0.7,43.5,0.0,0.0,0.0,0.0,0.0,0.0,0.0,0.0,0.0,0.1,0.1,66.7
Cole Aldrich,/stats/player/202332/,MIN,29.0,0.1,0.6,22.2,0.2,0.4,50.0,0.0,0.0,0.0,0.0,0.0,0.0,0.0,0.0,0.0,0.0,0.0,0.0,0.0,0.0,0.0
Corey Brewer,/stats/player/201147/,OKC,32.0,1.4,2.4,58.4,0.1,0.3,21.7,0.1,0.1,50.0,0.2,0.8,28.9,0.2,0.6,35.3,0.4,1.2,31.6,0.1,0.4,21.4
Cory Joseph,/stats/player/202709/,IND,26.0,0.8,1.4,55.7,0.4,1.0,44.4,1.1,2.7,40.8,0.1,0.3,36.4,0.1,0.3,36.0,0.2,0.6,36.2,0.6,1.7,35.5
Courtney Lee,/stats/player/201584/,NYK,32.0,1.2,1.8,63.3,0.6,1.3,48.0,1.2,3.1,39.5,0.4,0.7,49.1,0.2,0.5,42.4,0.5,1.2,46.6,0.9,2.5,37.9
Cristiano Felicio,/stats/player/1626245/,CHI,25.0,1.9,2.7,69.5,0.2,0.6,34.4,0.2,0.5,36.7,0.0,0.0,0.0,0.0,0.0,0.0,0.0,0.0,0.0,0.0,0.0,0.0
D'Angelo Russell,/stats/player/1626156/,BKN,22.0,1.6,2.7,58.0,1.2,2.9,40.9,1.2,2.6,44.4,0.1,0.2,36.4,0.1,0.4,37.5,0.2,0.6,37.0,1.7,5.2,31.9
D.J. Augustin,/stats/player/201571/,ORL,30.0,1.2,2.1,56.9,0.2,0.8,27.9,0.3,0.6,46.8,0.2,0.4,48.1,0.0,0.3,18.8,0.2,0.6,37.2,1.3,3.0,43.2
D.J. Wilson,/stats/player/1628391/,MIL,22.0,0.3,0.3,83.3,0.2,0.2,100.0,0.0,0.2,0.0,0.1,0.1,100.0,0.0,0.0,0.0,0.1,0.1,100.0,0.1,0.2,25.0
Dakari Johnson,/stats/player/1626177/,OKC,22.0,0.6,1.0,58.3,0.1,0.3,37.5,0.2,0.3,71.4,0.0,0.0,0.0,0.0,0.0,0.0,0.0,0.0,0.0,0.0,0.0,0.0
Damian Jones,/stats/player/1627745/,GSW,23.0,0.7,1.0,66.7,0.0,0.1,0.0,0.1,0.3,20.0,0.0,0.0,0.0,0.0,0.0,0.0,0.0,0.0,0.0,0.0,0.0,0.0
Damian Lillard,/stats/player/203081/,POR,27.0,3.1,5.8,53.8,0.7,1.7,42.1,1.6,3.3,47.9,0.1,0.2,50.0,0.1,0.2,28.6,0.1,0.4,38.5,3.0,8.3,36.0
Damien Wilkins,/stats/player/2863/,IND,38.0,0.2,0.5,44.4,0.2,0.3,80.0,0.1,0.4,14.3,0.1,0.7,14.3,0.3,0.3,100.0,0.4,0.9,40.0,0.0,0.4,0.0
Damion Lee,/stats/player/1627814/,ATL,25.0,1.7,2.3,73.5,0.8,2.6,30.8,0.7,1.3,52.6,0.3,0.9,38.5,0.1,0.4,33.3,0.5,1.3,36.8,0.5,2.7,20.0
Damyean Dotson,/stats/player/1628422/,NYK,24.0,0.5,0.9,58.3,0.2,0.3,57.1,0.5,1.0,48.8,0.1,0.4,16.7,0.1,0.2,75.0,0.2,0.5,31.3,0.4,1.2,33.3
Daniel Hamilton,/stats/player/1627772/,OKC,22.0,0.3,0.5,66.7,0.3,0.5,50.0,0.0,0.2,0.0,0.3,1.0,33.3,0.0,0.0,0.0,0.3,0.8,33.3,0.2,0.3,50.0
Daniel Theis,/stats/player/1628464/,BOS,26.0,1.3,1.9,69.5,0.1,0.3,42.1,0.3,0.6,47.4,0.1,0.2,75.0,0.0,0.1,28.6,0.1,0.3,53.3,0.2,0.7,23.3
Danilo Gallinari,/stats/player/201568/,LAC,29.0,1.5,2.7,56.1,0.3,1.1,29.2,1.3,3.0,42.2,0.1,0.4,12.5,0.3,0.5,55.6,0.3,0.8,35.3,1.4,4.4,32.3
Danny Green,/stats/player/201980/,SAS,31.0,0.8,1.6,53.2,0.2,0.7,24.5,0.4,1.2,37.8,0.2,0.6,39.0,0.4,0.8,49.1,0.6,1.4,44.8,1.0,3.2,32.3
Dante Cunningham,/stats/player/201967/,BKN,31.0,1.2,1.9,62.3,0.1,0.4,21.9,0.2,0.4,50.0,0.3,0.9,30.2,0.4,0.8,44.4,0.6,1.6,36.8,0.2,0.7,29.4
Dante Exum,/stats/player/203957/,UTA,22.0,2.0,3.4,59.6,0.6,1.4,40.0,0.1,0.1,50.0,0.0,0.1,0.0,0.2,0.5,42.9,0.2,0.6,37.5,0.1,0.6,22.2
Danuel House Jr.,/stats/player/1627863/,PHX,25.0,1.5,2.3,67.3,0.2,0.5,36.4,0.1,0.3,25.0,0.1,0.4,37.5,0.3,0.6,44.4,0.3,0.8,41.2,0.3,1.7,20.0
Dario Saric,/stats/player/203967/,PHI,24.0,2.1,3.3,64.1,0.5,1.4,36.2,0.5,1.6,33.1,0.1,0.2,33.3,0.2,0.4,46.4,0.2,0.6,41.9,1.8,4.6,39.0
Darius Miller,/stats/player/203121/,NOP,28.0,0.1,0.2,60.0,0.2,0.4,47.1,0.5,1.0,53.8,0.2,0.4,58.6,0.3,0.7,51.1,0.5,1.0,53.9,1.3,3.4,37.4
Darrell Arthur,/stats/player/201589/,DEN,30.0,0.4,0.4,85.7,0.0,0.1,0.0,0.5,0.9,53.3,0.1,0.3,25.0,0.1,0.1,100.0,0.2,0.4,40.0,0.3,1.0,33.3
Darren Collison,/stats/player/201954/,IND,30.0,1.5,2.4,63.4,0.1,0.5,24.3,1.6,3.4,46.1,0.2,0.5,35.3,0.3,0.5,59.4,0.4,1.0,47.0,0.9,2.0,47.4
Darrun Hilliard,/stats/player/1626199/,SAS,25.0,0.1,0.3,33.3,0.1,0.4,16.7,0.2,0.3,75.0,0.0,0.2,0.0,0.0,0.0,0.0,0.0,0.1,0.0,0.0,0.4,0.0
David Nwaba,/stats/player/1628021/,CHI,25.0,2.1,3.6,58.7,0.5,1.6,29.7,0.0,0.1,33.3,0.0,0.2,23.1,0.1,0.2,28.6,0.1,0.4,25.9,0.2,0.3,45.8
David Stockton,/stats/player/204065/,UTA,27.0,0.0,0.0,0.0,0.0,0.0,0.0,0.0,0.0,0.0,0.0,0.0,0.0,0.0,0.0,0.0,0.0,0.0,0.0,0.7,1.0,66.7
David West,/stats/player/2561/,GSW,37.0,1.4,1.9,75.0,0.6,1.2,48.4,0.9,2.0,46.9,0.0,0.0,0.0,0.0,0.0,0.0,0.0,0.0,0.0,0.0,0.1,42.9
Davis Bertans,/stats/player/202722/,SAS,25.0,0.6,0.8,78.2,0.2,0.3,45.8,0.2,0.5,37.1,0.1,0.2,41.7,0.2,0.4,54.2,0.3,0.6,50.0,1.1,3.0,35.3
Davon Reed,/stats/player/1628432/,PHX,23.0,0.2,0.7,35.7,0.1,0.3,50.0,0.2,0.9,16.7,0.0,0.1,0.0,0.0,0.3,0.0,0.0,0.3,0.0,0.5,1.6,33.3
De'Aaron Fox,/stats/player/1628368/,SAC,20.0,1.8,3.0,59.9,0.9,2.5,34.2,1.2,3.3,35.7,0.1,0.3,30.4,0.1,0.2,30.8,0.2,0.5,30.6,0.5,1.6,31.3
DeAndre Jordan,/stats/player/201599/,LAC,29.0,4.6,6.7,68.7,0.2,0.7,30.4,0.0,0.1,0.0,0.0,0.0,0.0,0.0,0.0,0.0,0.0,0.0,0.0,0.0,0.0,0.0
DeAndre Liggins,/stats/player/202732/,NOP,30.0,0.2,0.4,37.5,0.1,0.1,42.9,0.2,0.4,40.9,0.0,0.2,25.0,0.1,0.5,27.3,0.2,0.6,26.7,0.2,0.4,50.0
DeAndre' Bembry,/stats/player/1627761/,ATL,23.0,1.3,2.5,50.0,0.3,1.1,28.6,0.0,0.2,25.0,0.1,0.2,75.0,0.1,0.3,28.6,0.2,0.4,45.5,0.2,0.7,31.6
DeMar DeRozan,/stats/player/201942/,TOR,28.0,2.6,4.0,64.7,1.7,3.7,44.5,2.7,6.3,42.5,0.2,0.6,29.4,0.1,0.5,28.2,0.3,1.1,28.9,0.8,2.4,32.6
DeMarcus Cousins,/stats/player/202326/,NOP,27.0,4.8,7.9,61.0,0.9,2.2,40.4,0.6,1.9,33.3,0.0,0.1,16.7,0.0,0.1,66.7,0.1,0.2,33.3,2.1,5.9,35.9
DeMarre Carroll,/stats/player/201960/,BKN,31.0,1.6,2.7,59.3,0.7,1.9,35.3,0.2,0.9,26.9,0.2,0.7,34.7,0.4,0.8,47.3,0.6,1.4,41.3,1.4,3.9,35.6
Dejounte Murray,/stats/player/1627749/,SAS,21.0,1.9,3.5,55.3,0.8,1.9,39.7,0.6,1.8,32.9,0.1,0.2,26.7,0.0,0.1,42.9,0.1,0.3,31.8,0.0,0.1,16.7
Delon Wright,/stats/player/1626153/,TOR,26.0,1.8,3.0,59.4,0.3,0.9,31.1,0.1,0.2,37.5,0.1,0.3,47.1,0.1,0.3,35.3,0.2,0.5,41.2,0.6,1.7,35.7
Demetrius Jackson,/stats/player/1627743/,PHI,23.0,0.4,0.7,54.5,0.0,0.0,0.0,0.0,0.0,0.0,0.0,0.1,0.0,0.0,0.1,0.0,0.0,0.2,0.0,0.1,0.3,20.0
Dennis Schroder,/stats/player/203471/,ATL,24.0,3.1,5.6,54.5,0.9,2.4,39.1,2.3,5.2,44.8,0.0,0.2,27.3,0.0,0.1,14.3,0.1,0.3,22.2,1.1,3.5,30.4
Dennis Smith Jr.,/stats/player/1628372/,DAL,20.0,3.0,5.3,56.7,0.4,1.6,23.9,0.9,3.0,30.6,0.1,0.2,23.5,0.0,0.1,50.0,0.1,0.3,30.4,1.4,4.6,31.5
Denzel Valentine,/stats/player/1627756/,CHI,24.0,0.8,1.3,57.8,0.7,1.5,45.2,0.6,1.8,34.8,0.3,0.7,38.8,0.2,0.5,37.8,0.4,1.1,38.4,1.4,3.6,39.1
Derrick Favors,/stats/player/202324/,UTA,26.0,3.6,4.9,73.5,0.7,1.6,45.5,0.6,1.8,35.2,0.1,0.4,19.2,0.1,0.4,27.6,0.2,0.7,23.6,0.0,0.1,14.3
Derrick Jones Jr.,/stats/player/1627884/,MIA,21.0,0.7,1.2,59.1,0.3,0.6,41.7,0.0,0.1,0.0,0.0,0.0,0.0,0.2,0.7,25.0,0.1,0.5,25.0,0.1,0.5,10.0
Derrick Rose,/stats/player/201565/,MIN,29.0,2.1,3.3,64.6,0.4,1.2,30.0,0.5,1.8,27.3,0.1,0.2,25.0,0.1,0.3,28.6,0.1,0.5,27.3,0.2,0.7,22.2
Derrick Walton Jr.,/stats/player/1628476/,MIA,23.0,0.0,0.0,0.0,0.0,0.1,0.0,0.1,0.5,14.3,0.0,0.0,0.0,0.2,0.3,66.7,0.1,0.2,66.7,0.3,0.8,38.5
Derrick White,/stats/player/1628401/,SAS,23.0,0.2,0.4,42.9,0.2,0.5,42.9,0.1,0.4,33.3,0.0,0.0,0.0,0.1,0.1,100.0,0.1,0.1,100.0,0.5,0.8,58.3
Derrick Williams,/stats/player/202682/,LAL,27.0,1.0,1.0,100.0,0.0,0.5,0.0,0.0,0.0,0.0,0.0,0.0,0.0,0.0,2.0,0.0,0.0,2.0,0.0,0.0,0.0,0.0
Devin Booker,/stats/player/1626164/,PHX,21.0,2.3,3.9,59.2,1.0,3.0,33.7,2.4,5.4,43.2,0.2,0.6,43.3,0.1,0.3,33.3,0.3,0.8,40.0,2.4,6.2,38.5
Devin Harris,/stats/player/2734/,DEN,35.0,1.2,2.1,59.9,0.2,0.7,23.4,0.1,0.5,27.3,0.1,0.3,33.3,0.2,0.4,57.1,0.3,0.6,45.2,0.8,2.5,34.1
Devin Robinson,/stats/player/1628421/,WAS,23.0,1.0,2.0,50.0,0.0,0.0,0.0,0.0,1.0,0.0,0.0,0.0,0.0,0.0,0.0,0.0,0.0,0.0,0.0,0.0,0.0,0.0
Dewayne Dedmon,/stats/player/203473/,ATL,28.0,1.9,2.4,77.7,0.7,1.5,44.8,0.7,1.5,46.2,0.2,0.5,35.5,0.3,0.6,42.1,0.4,1.1,39.1,0.4,1.1,31.0
Deyonta Davis,/stats/player/1627738/,MEM,21.0,2.0,2.6,75.2,0.2,0.6,28.6,0.5,1.1,43.5,0.0,0.0,0.0,0.0,0.0,0.0,0.0,0.0,0.0,0.0,0.0,0.0
Dillon Brooks,/stats/player/1628415/,MEM,22.0,1.8,2.9,62.7,0.6,1.5,40.8,0.6,1.9,32.2,0.1,0.3,19.0,0.2,0.4,50.0,0.2,0.6,37.3,0.9,2.5,36.4
Dion Waiters,/stats/player/203079/,MIA,26.0,2.4,4.0,58.7,0.4,1.3,31.6,0.9,2.7,34.6,0.3,0.7,42.1,0.4,1.0,37.9,0.6,1.6,39.6,1.1,4.0,27.3
Dirk Nowitzki,/stats/player/1717/,DAL,40.0,0.4,0.5,75.7,0.3,0.7,49.1,2.0,4.3,46.5,0.1,0.2,50.0,0.0,0.1,60.0,0.1,0.2,52.9,1.7,4.1,40.4
Domantas Sabonis,/stats/player/1627734/,IND,22.0,3.0,4.6,65.1,0.8,2.0,38.0,0.7,1.8,36.8,0.0,0.1,75.0,0.0,0.0,0.0,0.0,0.1,60.0,0.1,0.4,31.3
Donovan Mitchell,/stats/player/1628378/,UTA,21.0,3.1,5.0,61.7,1.2,3.1,39.0,0.9,2.2,40.3,0.2,0.4,60.0,0.2,0.5,37.8,0.4,0.8,47.8,2.0,6.1,32.2
Dorian Finney-Smith,/stats/player/1627827/,DAL,25.0,0.9,1.3,70.4,0.1,0.7,21.4,0.2,0.6,30.8,0.1,0.4,25.0,0.4,0.9,41.2,0.4,1.2,36.0,0.5,2.0,26.2
Doug McDermott,/stats/player/203926/,DAL,26.0,1.3,2.1,62.4,0.2,0.4,37.1,0.3,1.1,30.7,0.3,0.6,51.2,0.2,0.4,53.8,0.5,0.9,52.2,0.7,1.8,37.7
Dragan Bender,/stats/player/1627733/,PHX,20.0,0.7,1.2,58.3,0.1,0.5,25.6,0.0,0.3,8.7,0.2,0.6,40.9,0.2,0.5,33.3,0.4,1.0,37.3,1.1,2.9,36.4
Draymond Green,/stats/player/203110/,GSW,28.0,2.3,3.4,67.2,0.4,1.1,37.8,0.2,0.7,31.4,0.0,0.1,0.0,0.0,0.1,20.0,0.0,0.2,11.8,1.1,3.4,31.8
Dwayne Bacon,/stats/player/1628407/,CHA,22.0,0.4,0.7,60.5,0.2,0.5,35.7,0.5,1.6,33.7,0.1,0.2,22.2,0.1,0.3,40.0,0.1,0.4,31.6,0.1,0.5,20.8
Dwight Buycks,/stats/player/202779/,DET,29.0,1.3,2.4,52.9,0.2,0.7,25.0,0.9,2.2,39.7,0.0,0.0,0.0,0.0,0.0,100.0,0.0,0.1,50.0,0.5,1.4,35.0
Dwight Howard,/stats/player/2730/,CHA,32.0,4.9,7.2,67.5,0.9,2.4,35.7,0.5,1.6,33.3,0.0,0.0,0.0,0.0,0.0,0.0,0.0,0.0,0.0,0.0,0.1,20.0
Dwight Powell,/stats/player/203939/,DAL,26.0,2.5,3.3,76.0,0.2,0.6,33.3,0.2,0.5,37.5,0.1,0.1,44.4,0.1,0.1,100.0,0.1,0.2,64.3,0.2,0.9,27.9
Dwyane Wade,/stats/player/2548/,MIA,36.0,2.2,3.4,64.4,0.8,2.0,38.1,1.1,3.2,33.5,0.1,0.3,26.3,0.0,0.1,33.3,0.1,0.4,28.0,0.4,1.3,29.1
E'Twaun Moore,/stats/player/202734/,NOP,29.0,1.7,2.5,66.0,1.3,2.6,50.9,0.6,1.3,46.3,0.5,1.0,52.6,0.3,0.6,44.7,0.8,1.5,49.6,0.8,2.1,37.3
Ed Davis,/stats/player/202334/,POR,29.0,1.8,2.9,63.4,0.3,0.7,41.1,0.0,0.1,37.5,0.0,0.0,0.0,0.0,0.0,0.0,0.0,0.0,0.0,0.0,0.0,0.0
Edmond Sumner,/stats/player/1628410/,IND,22.0,1.0,1.0,100.0,0.0,0.0,0.0,0.0,0.0,0.0,0.0,0.0,0.0,0.0,0.0,0.0,0.0,0.0,0.0,0.0,0.0,0.0
Ekpe Udoh,/stats/player/202327/,UTA,31.0,0.8,1.1,66.2,0.2,0.7,28.6,0.0,0.1,16.7,0.0,0.0,0.0,0.0,0.0,0.0,0.0,0.0,0.0,0.0,0.0,0.0
Elfrid Payton,/stats/player/203901/,PHX,24.0,3.2,5.0,63.7,1.1,2.8,37.6,0.5,1.3,37.5,0.1,0.2,33.3,0.1,0.2,36.4,0.1,0.4,34.6,0.3,1.0,31.8
Emeka Okafor,/stats/player/2731/,NOP,35.0,1.2,2.0,59.6,0.3,0.8,36.4,0.3,0.8,42.9,0.0,0.0,0.0,0.0,0.0,0.0,0.0,0.0,0.0,0.0,0.0,0.0
Emmanuel Mudiay,/stats/player/1626144/,NYK,22.0,1.3,2.5,52.5,0.5,1.6,31.1,0.7,1.8,35.7,0.1,0.2,58.3,0.1,0.3,46.7,0.2,0.4,51.9,0.5,1.8,28.0
Enes Kanter,/stats/player/202683/,NYK,26.0,4.3,6.5,66.8,1.2,2.5,47.5,0.4,1.0,40.6,0.0,0.0,0.0,0.0,0.0,0.0,0.0,0.0,0.0,0.0,0.0,0.0
Eric Bledsoe,/stats/player/202339/,MIL,28.0,2.9,4.4,67.4,0.7,1.7,38.9,1.0,2.4,42.5,0.2,0.4,44.8,0.2,0.5,36.4,0.3,0.8,40.3,1.4,4.0,33.7
Eric Gordon,/stats/player/201569/,HOU,29.0,2.3,3.6,63.3,0.4,1.1,35.1,0.2,0.5,32.4,0.3,0.7,46.7,0.2,0.5,37.8,0.5,1.2,42.7,2.6,7.6,34.9
Eric Moreland,/stats/player/203961/,DET,26.0,0.8,1.2,62.2,0.2,0.5,38.2,0.0,0.1,33.3,0.0,0.0,0.0,0.0,0.0,0.0,0.0,0.0,0.0,0.0,0.0,0.0
Erik McCree,/stats/player/1628571/,UTA,24.0,0.0,0.5,0.0,0.0,0.0,0.0,0.0,0.0,0.0,0.0,0.0,0.0,0.0,0.0,0.0,0.0,0.0,0.0,0.0,0.3,0.0
Ersan Ilyasova,/stats/player/101141/,PHI,31.0,1.8,3.0,60.8,0.3,0.7,36.0,0.6,1.5,41.5,0.3,0.6,44.4,0.3,0.6,50.0,0.5,1.1,47.3,0.8,2.6,31.3
Evan Fournier,/stats/player/203095/,ORL,25.0,2.2,3.5,62.2,1.0,2.5,41.1,1.0,2.2,46.8,0.3,0.7,48.7,0.2,0.4,41.7,0.5,1.1,46.0,1.7,4.7,35.9
Evan Turner,/stats/player/202323/,POR,29.0,0.7,1.1,64.0,0.8,1.7,45.9,1.3,2.8,44.2,0.1,0.4,29.6,0.2,0.5,35.3,0.3,0.8,32.8,0.3,0.9,31.0
Frank Kaminsky,/stats/player/1626163/,CHA,25.0,1.2,1.9,61.8,0.9,2.2,40.1,0.5,1.4,33.6,0.1,0.2,36.4,0.0,0.1,20.0,0.1,0.3,28.6,1.2,3.2,38.7
Frank Mason,/stats/player/1628412/,SAC,24.0,1.0,2.3,43.4,0.5,1.6,33.3,0.6,1.8,36.3,0.0,0.1,33.3,0.0,0.1,33.3,0.1,0.2,33.3,0.5,1.4,38.4
Frank Ntilikina,/stats/player/1628373/,NYK,19.0,0.7,1.3,55.6,0.2,0.8,25.8,0.8,2.3,33.5,0.1,0.2,50.0,0.0,0.2,25.0,0.1,0.3,37.5,0.5,1.7,31.8
Fred VanVleet,/stats/player/1627832/,TOR,24.0,1.4,2.7,51.2,0.2,0.7,24.5,0.1,0.3,19.2,0.3,0.7,41.3,0.2,0.5,44.1,0.5,1.1,42.5,1.0,2.3,41.6
Furkan Korkmaz,/stats/player/1627788/,PHI,20.0,0.2,0.2,100.0,0.0,0.2,0.0,0.0,0.4,0.0,0.0,0.0,0.0,0.0,0.3,0.0,0.0,0.3,0.0,0.4,1.1,33.3
Garrett Temple,/stats/player/202066/,SAC,32.0,0.7,1.2,58.8,0.2,0.6,30.6,0.8,2.0,39.1,0.3,0.9,32.8,0.2,0.4,43.5,0.4,1.2,35.8,0.9,2.2,41.1
Gary Harris,/stats/player/203914/,DEN,23.0,2.7,3.9,69.0,0.7,1.6,43.5,0.9,2.2,39.9,0.2,0.7,32.0,0.3,0.5,52.8,0.5,1.3,40.7,1.8,4.6,39.4
Gary Payton II,/stats/player/1627780/,LAL,25.0,0.9,1.6,57.1,0.1,0.3,28.6,0.1,0.3,28.6,0.1,0.3,40.0,0.1,0.4,16.7,0.2,0.6,27.3,0.1,0.7,21.4
George Hill,/stats/player/201588/,CLE,32.0,1.0,1.5,68.0,0.6,1.3,43.3,0.6,1.8,36.4,0.2,0.5,43.8,0.3,0.5,51.4,0.5,1.0,47.8,0.8,2.0,38.8
Georges Niang,/stats/player/1627777/,UTA,25.0,0.1,0.3,50.0,0.4,0.7,60.0,0.0,0.0,0.0,0.0,0.0,0.0,0.0,0.6,0.0,0.0,0.6,0.0,0.0,0.1,0.0
Georgios Papagiannis,/stats/player/1627834/,POR,20.0,0.5,1.1,47.4,0.2,0.6,36.4,0.3,0.7,41.7,0.0,0.0,0.0,0.0,0.0,0.0,0.0,0.0,0.0,0.0,0.0,0.0
Gerald Green,/stats/player/101123/,HOU,32.0,0.7,1.3,54.7,0.3,0.6,47.8,0.5,1.0,46.2,0.5,1.0,47.4,0.3,1.0,29.3,0.7,1.9,38.0,2.0,5.4,36.9
Gian Clavell,/stats/player/1628492/,DAL,24.0,0.0,0.0,0.0,0.0,0.1,0.0,0.0,0.3,0.0,0.0,0.5,0.0,0.8,1.3,60.0,0.8,1.5,50.0,0.4,1.3,33.3
Giannis Antetokounmpo,/stats/player/203507/,MIL,23.0,6.7,9.3,71.5,1.2,3.1,38.0,1.5,4.5,33.7,0.1,0.1,44.4,0.0,0.1,16.7,0.1,0.2,33.3,0.5,1.6,30.1
Glenn Robinson III,/stats/player/203922/,IND,24.0,0.5,0.9,60.0,0.2,0.6,28.6,0.3,0.7,35.3,0.2,0.3,66.7,0.4,0.6,63.6,0.5,0.7,64.7,0.1,0.7,17.6
Goran Dragic,/stats/player/201609/,MIA,32.0,2.6,4.4,59.0,1.2,2.8,43.3,1.2,3.1,36.9,0.1,0.4,36.7,0.1,0.3,37.5,0.3,0.7,37.0,1.2,3.2,37.4
Gordon Hayward,/stats/player/202330/,BOS,28.0,0.0,0.0,0.0,1.0,1.0,100.0,0.0,0.0,0.0,0.0,0.0,0.0,0.0,0.0,0.0,0.0,0.0,0.0,0.0,1.0,0.0
Gorgui Dieng,/stats/player/203476/,MIN,28.0,0.8,1.4,60.4,0.2,0.6,34.7,1.1,2.1,50.0,0.1,0.4,29.0,0.1,0.2,29.4,0.2,0.6,29.2,0.1,0.2,33.3
Greg Monroe,/stats/player/202328/,BOS,28.0,3.2,4.5,69.7,0.9,2.4,36.6,0.2,0.6,37.5,0.0,0.0,0.0,0.0,0.0,0.0,0.0,0.0,0.0,0.0,0.0,0.0
Guerschon Yabusele,/stats/player/1627824/,BOS,22.0,0.3,0.5,73.3,0.0,0.1,0.0,0.1,0.2,42.9,0.1,0.1,50.0,0.0,0.2,0.0,0.0,0.2,20.0,0.4,1.0,34.4
Harrison Barnes,/stats/player/203084/,DAL,26.0,2.3,3.8,60.4,1.5,3.5,41.8,1.7,4.1,41.1,0.3,0.6,53.5,0.2,0.6,28.9,0.5,1.1,40.9,1.1,3.1,34.3
Hassan Whiteside,/stats/player/202355/,MIA,29.0,3.6,5.3,69.4,1.4,3.5,41.1,0.6,1.9,34.3,0.0,0.0,0.0,0.0,0.0,0.0,0.0,0.0,0.0,0.0,0.0,100.0
Henry Ellenson,/stats/player/1627740/,DET,21.0,0.6,0.8,67.9,0.3,1.2,23.7,0.1,0.6,25.0,0.2,0.4,40.0,0.0,0.1,0.0,0.2,0.5,30.8,0.4,1.3,34.0
Ian Clark,/stats/player/203546/,NOP,27.0,0.8,1.2,63.7,0.7,1.5,50.5,0.6,1.4,47.0,0.1,0.4,33.3,0.2,0.4,42.9,0.3,0.8,38.2,0.6,1.9,29.7
Ian Mahinmi,/stats/player/101133/,WAS,31.0,1.4,2.2,63.5,0.3,0.8,40.0,0.1,0.1,36.4,0.0,0.0,0.0,0.0,0.0,0.0,0.0,0.0,0.0,0.0,0.0,0.0
Ike Anigbogu,/stats/player/1628387/,IND,19.0,0.1,0.2,50.0,0.0,0.1,0.0,0.3,0.7,50.0,0.0,0.0,0.0,0.0,0.0,0.0,0.0,0.0,0.0,0.0,0.0,0.0
Iman Shumpert,/stats/player/202697/,SAC,28.0,0.4,0.6,75.0,0.1,0.2,33.3,0.6,1.5,38.1,0.1,0.4,20.0,0.1,0.3,33.3,0.2,0.6,25.0,0.4,1.3,27.8
Isaiah Canaan,/stats/player/203477/,PHX,27.0,1.0,2.4,39.6,0.5,0.8,56.3,0.1,0.4,28.6,0.2,0.4,57.1,0.1,0.2,25.0,0.3,0.6,45.5,0.9,2.7,31.5
Isaiah Hicks,/stats/player/1628439/,NYK,23.0,1.3,2.2,61.5,0.2,0.8,25.0,0.2,0.7,33.3,0.1,0.1,50.0,0.0,0.1,0.0,0.1,0.2,33.3,0.1,0.3,16.7
Isaiah Taylor,/stats/player/1627819/,ATL,23.0,1.5,2.6,58.5,0.4,1.5,30.2,0.2,0.6,28.9,0.0,0.1,20.0,0.1,0.1,66.7,0.1,0.2,45.5,0.2,1.0,22.7
Isaiah Thomas,/stats/player/202738/,LAL,29.0,1.5,3.0,50.5,0.7,2.0,32.8,1.0,2.3,44.6,0.1,0.4,30.8,0.1,0.4,33.3,0.3,0.8,32.0,1.5,5.1,29.0
Isaiah Whitehead,/stats/player/1627785/,BKN,23.0,1.4,2.3,61.1,0.5,1.4,34.8,0.2,0.6,33.3,0.0,0.0,0.0,0.0,0.1,0.0,0.0,0.1,0.0,0.4,1.1,41.2
Ish Smith,/stats/player/202397/,DET,29.0,1.9,2.9,63.6,1.0,2.5,40.1,1.5,3.1,46.9,0.1,0.2,26.7,0.1,0.2,28.6,0.1,0.4,27.6,0.3,0.8,37.7
Ivan Rabb,/stats/player/1628397/,MEM,21.0,1.4,2.2,66.2,0.3,0.7,47.8,0.8,1.6,47.3,0.0,0.0,0.0,0.0,0.0,0.0,0.0,0.0,0.0,0.0,0.0,0.0
Ivica Zubac,/stats/player/1627826/,LAL,21.0,1.2,1.9,64.1,0.2,0.8,28.1,0.1,0.3,18.2,0.0,0.0,0.0,0.0,0.0,0.0,0.0,0.0,0.0,0.0,0.0,0.0
J.J. Barea,/stats/player/200826/,DAL,34.0,1.3,2.0,62.6,0.9,2.0,44.7,0.6,1.4,39.2,0.0,0.2,21.4,0.0,0.1,28.6,0.1,0.3,23.8,1.6,4.2,38.1
JJ Redick,/stats/player/200755/,PHI,34.0,0.7,1.1,61.5,0.2,0.6,37.8,2.1,4.2,49.3,0.3,0.5,50.0,0.2,0.5,45.5,0.5,1.0,47.8,2.3,5.6,41.1
JR Smith,/stats/player/2747/,CLE,32.0,0.4,0.7,53.4,0.3,0.6,41.2,0.6,1.3,42.5,0.3,0.8,43.3,0.5,0.8,54.5,0.8,1.6,49.2,1.0,3.2,31.9
JaKarr Sampson,/stats/player/203960/,SAC,25.0,1.3,2.0,64.4,0.4,0.9,42.1,0.1,0.3,28.6,0.1,0.1,50.0,0.1,0.3,50.0,0.1,0.3,50.0,0.1,0.2,50.0
JaMychal Green,/stats/player/203210/,MEM,28.0,2.5,4.2,59.3,0.2,0.7,24.3,0.6,1.7,37.0,0.2,0.5,33.3,0.2,0.5,38.5,0.3,1.0,35.8,0.4,1.4,32.0
JaVale McGee,/stats/player/201580/,GSW,30.0,1.6,2.3,70.9,0.3,0.6,47.2,0.2,0.4,46.2,0.0,0.0,0.0,0.0,0.0,0.0,0.0,0.0,0.0,0.0,0.1,0.0
Jabari Bird,/stats/player/1628444/,BOS,23.0,1.1,1.5,75.0,0.0,0.1,0.0,0.0,0.2,0.0,0.0,0.0,0.0,0.3,0.3,100.0,0.3,0.3,100.0,0.1,0.4,20.0
Jabari Parker,/stats/player/203953/,MIL,23.0,2.5,4.4,57.7,0.5,1.1,44.1,1.1,2.6,43.8,0.0,0.1,25.0,0.2,0.3,60.0,0.2,0.5,50.0,0.8,2.1,36.9
Jack Cooley,/stats/player/204022/,SAC,27.0,1.3,2.5,53.3,0.7,1.3,55.6,0.0,0.4,0.0,0.0,0.0,0.0,0.0,0.0,0.0,0.0,0.0,0.0,0.0,0.0,0.0
Jacob Pullen,/stats/player/1626643/,PHI,28.0,0.0,0.0,0.0,0.0,0.0,0.0,0.5,0.5,100.0,0.0,0.0,0.0,0.0,0.0,0.0,0.0,0.0,0.0,0.0,0.3,0.0
Jacob Wiley,/stats/player/1628451/,BKN,23.0,0.0,0.3,0.0,0.0,0.0,0.0,0.0,0.2,0.0,0.5,0.5,100.0,0.0,0.5,0.0,0.5,1.0,50.0,0.0,0.0,0.0
Jae Crowder,/stats/player/203109/,UTA,27.0,1.5,2.4,62.5,0.1,0.3,26.9,0.4,1.4,30.4,0.2,0.7,26.9,0.3,0.6,50.0,0.5,1.2,37.8,0.9,3.0,30.0
Jahlil Okafor,/stats/player/1626143/,BKN,22.0,1.6,2.3,67.7,0.9,2.0,45.5,0.3,0.5,50.0,0.0,0.0,0.0,0.1,0.1,100.0,0.0,0.1,50.0,0.0,0.1,0.0
Jake Layman,/stats/player/1627774/,POR,24.0,0.2,0.3,63.6,0.0,0.2,0.0,0.1,0.3,33.3,0.1,0.3,25.0,0.1,0.1,100.0,0.1,0.3,40.0,0.1,0.5,13.3
Jakob Poeltl,/stats/player/1627751/,TOR,22.0,2.7,3.8,72.1,0.3,0.7,43.1,0.1,0.2,35.3,0.0,0.0,0.0,0.0,0.0,50.0,0.0,0.0,50.0,0.0,0.0,0.0
Jalen Jones,/stats/player/1627883/,DAL,25.0,1.0,2.0,50.0,0.1,0.8,10.0,0.1,0.3,25.0,0.2,0.6,40.0,0.0,0.0,0.0,0.2,0.5,40.0,0.6,1.6,38.1
Jamal Crawford,/stats/player/2037/,MIN,38.0,0.4,0.7,52.7,0.5,1.0,53.2,1.7,3.7,45.1,0.2,0.6,33.3,0.2,0.4,51.9,0.4,0.9,40.3,0.9,3.0,31.5
Jamal Murray,/stats/player/1627750/,DEN,21.0,1.9,3.2,58.6,1.0,2.2,47.4,1.0,2.4,41.5,0.2,0.5,41.7,0.2,0.3,54.2,0.3,0.7,46.7,1.7,4.6,36.9
Jameel Warney,/stats/player/1627866/,DAL,24.0,1.7,2.0,83.3,0.3,1.3,25.0,0.3,0.7,50.0,0.0,0.0,0.0,0.0,0.0,0.0,0.0,0.0,0.0,0.0,0.0,0.0
Jameer Nelson,/stats/player/2749/,DET,36.0,0.5,0.8,67.6,0.1,0.4,18.2,0.5,1.2,39.7,0.1,0.3,23.1,0.0,0.1,40.0,0.1,0.4,27.8,0.7,2.1,34.3
Jamel Artis,/stats/player/1628503/,ORL,25.0,0.6,1.0,60.0,0.4,1.1,40.0,0.5,1.3,40.0,0.1,0.5,16.7,0.1,0.4,25.0,0.2,0.8,20.0,0.4,1.4,31.6
James Ennis III,/stats/player/203516/,DET,27.0,1.4,2.2,64.5,0.2,0.4,34.4,0.3,0.6,46.7,0.2,0.4,37.9,0.1,0.4,29.2,0.3,0.7,34.0,0.4,1.4,32.3
James Harden,/stats/player/201935/,HOU,28.0,3.9,6.3,62.4,0.8,2.1,36.9,0.7,1.8,39.1,0.1,0.3,36.4,0.1,0.5,30.3,0.3,0.8,32.7,3.4,9.2,37.1
James Johnson,/stats/player/201949/,MIA,31.0,2.5,3.7,68.2,0.5,1.2,43.5,0.5,1.1,42.9,0.1,0.4,32.0,0.2,0.7,33.3,0.3,1.0,32.9,0.5,1.5,29.7
James Michael McAdoo,/stats/player/203949/,PHI,25.0,0.0,0.0,0.0,0.0,0.0,0.0,0.0,0.0,0.0,0.5,0.5,100.0,0.0,0.0,0.0,0.3,0.3,100.0,0.3,2.0,16.7
James Webb III,/stats/player/1627821/,BKN,24.0,0.2,0.3,66.7,0.0,0.1,0.0,0.0,0.2,0.0,0.3,0.9,37.5,0.0,0.4,0.0,0.3,1.2,27.3,0.1,0.7,14.3
James Young,/stats/player/203923/,PHI,22.0,0.2,0.2,100.0,0.2,0.3,50.0,0.0,0.2,0.0,0.0,0.7,0.0,0.2,0.4,50.0,0.2,0.8,25.0,0.3,1.0,33.3
Jamil Wilson,/stats/player/203966/,LAC,27.0,0.4,0.5,75.0,0.0,0.1,0.0,0.3,0.5,62.5,0.1,0.2,50.0,0.1,0.4,20.0,0.1,0.5,28.6,1.7,3.7,44.6
Jared Dudley,/stats/player/201162/,PHX,32.0,0.3,0.5,58.3,0.0,0.1,33.3,0.1,0.3,26.7,0.0,0.1,50.0,0.2,0.4,50.0,0.2,0.5,50.0,0.4,1.3,32.3
Jarell Eddie,/stats/player/204067/,CHI,26.0,0.0,0.0,0.0,0.0,0.0,0.0,0.0,0.0,0.0,0.0,0.0,0.0,0.0,0.0,0.0,0.0,0.0,0.0,0.0,0.7,0.0
Jarell Martin,/stats/player/1626185/,MEM,24.0,1.6,3.0,55.3,0.2,0.7,33.3,0.7,1.8,38.5,0.2,0.4,44.0,0.0,0.3,16.7,0.2,0.6,32.6,0.3,0.7,37.7
Jarrett Allen,/stats/player/1628386/,BKN,20.0,2.6,3.9,66.8,0.5,1.2,44.6,0.1,0.3,26.3,0.0,0.1,25.0,0.0,0.1,60.0,0.1,0.2,38.5,0.0,0.0,0.0
Jarrett Jack,/stats/player/101127/,NYK,34.0,0.6,1.1,56.5,0.9,1.9,46.6,1.1,2.8,41.3,0.0,0.1,25.0,0.0,0.1,25.0,0.1,0.2,25.0,0.4,1.2,30.6
Jason Smith,/stats/player/201160/,WAS,32.0,0.5,0.8,60.7,0.1,0.3,40.0,0.6,1.4,44.4,0.0,0.2,0.0,0.0,0.4,0.0,0.0,0.4,0.0,0.1,0.6,19.0
Jason Terry,/stats/player/1891/,MIL,40.0,0.2,0.3,57.1,0.0,0.1,28.6,0.2,0.4,50.0,0.2,0.6,27.3,0.4,0.8,47.1,0.5,1.2,39.3,0.4,1.1,31.0
Jawun Evans,/stats/player/1628393/,LAC,21.0,0.7,1.7,42.2,0.4,1.0,38.0,0.4,1.4,30.3,0.1,0.3,27.3,0.0,0.1,20.0,0.1,0.3,25.0,0.2,0.7,31.4
Jaylen Brown,/stats/player/1627759/,BOS,21.0,2.7,4.7,57.4,0.4,1.2,35.4,0.5,1.2,39.5,0.4,0.9,48.4,0.3,0.9,37.9,0.7,1.7,43.3,1.0,2.6,37.5
Jaylen Morris,/stats/player/1628537/,ATL,22.0,1.2,2.3,50.0,0.3,0.7,50.0,0.3,0.7,50.0,0.0,0.7,0.0,0.0,0.0,0.0,0.0,0.7,0.0,0.3,0.8,40.0
Jayson Tatum,/stats/player/1628369/,BOS,20.0,2.2,3.8,58.9,0.3,1.0,27.8,1.2,2.7,43.7,0.2,0.4,48.3,0.3,0.4,59.4,0.4,0.8,54.1,0.9,2.3,39.4
Jeff Green,/stats/player/201145/,CLE,31.0,2.3,3.4,66.9,0.3,1.1,32.5,0.4,1.2,36.5,0.1,0.4,28.6,0.2,0.6,37.2,0.3,0.9,33.8,0.4,1.2,31.9
Jeff Teague,/stats/player/201952/,MIN,30.0,1.8,2.8,63.4,1.4,3.6,39.4,0.7,1.7,39.7,0.1,0.2,40.0,0.1,0.1,44.4,0.1,0.3,41.7,1.1,2.9,36.3
Jeff Withey,/stats/player/203481/,DAL,28.0,0.4,0.4,100.0,0.0,0.0,0.0,0.0,0.2,0.0,0.0,0.0,0.0,0.2,0.4,50.0,0.2,0.3,50.0,0.1,0.9,12.5
Jerami Grant,/stats/player/203924/,OKC,24.0,2.3,3.5,66.4,0.2,0.6,37.0,0.1,0.2,45.0,0.1,0.3,30.4,0.1,0.5,22.9,0.2,0.7,25.9,0.2,0.6,34.0
Jeremy Evans,/stats/player/202379/,ATL,30.0,1.0,1.0,100.0,0.0,0.0,0.0,0.0,0.0,0.0,0.0,0.0,0.0,0.0,0.0,0.0,0.0,0.0,0.0,0.0,0.0,0.0
Jeremy Lamb,/stats/player/203087/,CHA,26.0,1.5,2.4,60.8,1.0,2.0,48.4,1.1,2.8,40.4,0.2,0.4,50.0,0.1,0.2,37.5,0.3,0.6,45.8,0.9,2.5,35.6
Jeremy Lin,/stats/player/202391/,BKN,29.0,3.0,6.0,50.0,0.0,1.0,0.0,1.0,3.0,33.3,0.0,0.0,0.0,0.0,0.0,0.0,0.0,0.0,0.0,1.0,2.0,50.0
Jerian Grant,/stats/player/1626170/,CHI,25.0,0.9,1.4,62.3,0.2,0.9,27.3,0.9,1.9,44.4,0.0,0.1,37.5,0.1,0.1,57.1,0.1,0.2,46.7,0.7,2.3,32.1
Jerryd Bayless,/stats/player/201573/,PHI,29.0,0.9,1.3,70.6,0.2,0.8,25.8,0.3,0.9,32.4,0.2,0.5,44.4,0.4,1.0,39.4,0.6,1.4,41.2,0.8,2.4,34.7
Jimmy Butler,/stats/player/202710/,MIN,28.0,2.8,4.4,63.2,1.5,2.8,53.6,1.9,5.0,38.6,0.2,0.4,40.0,0.2,0.4,47.6,0.3,0.8,43.5,0.8,2.6,32.9
Joakim Noah,/stats/player/201149/,NYK,33.0,0.3,0.9,33.3,0.4,0.6,75.0,0.0,0.0,0.0,0.0,0.0,0.0,0.0,0.0,0.0,0.0,0.0,0.0,0.0,0.0,0.0
Jodie Meeks,/stats/player/201975/,WAS,30.0,0.5,0.7,69.1,0.3,0.7,41.1,0.3,0.9,33.3,0.1,0.4,30.4,0.1,0.3,42.1,0.2,0.6,35.7,0.8,2.2,33.9
Joe Harris,/stats/player/203925/,BKN,26.0,1.6,2.4,66.8,0.3,0.7,45.1,0.1,0.3,33.3,0.1,0.5,27.0,0.2,0.6,37.0,0.3,1.1,32.5,1.6,3.5,44.7
Joe Ingles,/stats/player/204060/,UTA,30.0,1.1,1.7,64.8,0.2,0.8,31.7,0.2,0.6,38.8,0.5,0.9,51.4,0.5,1.0,47.5,0.9,1.8,49.3,1.6,3.8,41.5
Joe Johnson,/stats/player/2207/,HOU,37.0,0.3,0.4,71.4,0.9,1.9,45.8,0.8,1.6,47.7,0.2,0.6,25.8,0.2,0.5,35.7,0.3,1.1,30.5,0.4,1.5,26.2
Joe Young,/stats/player/1626202/,IND,26.0,0.4,0.8,51.1,0.2,0.4,47.4,0.4,1.1,41.1,0.0,0.2,14.3,0.1,0.2,66.7,0.1,0.3,38.5,0.4,0.9,40.0
Joel Bolomboy,/stats/player/1627762/,MIL,24.0,0.5,1.0,50.0,0.0,0.0,0.0,0.2,0.2,100.0,0.0,0.0,0.0,0.0,0.0,0.0,0.0,0.0,0.0,0.0,0.2,0.0
Joel Embiid,/stats/player/203954/,PHI,24.0,3.8,5.5,69.2,1.2,3.3,37.6,2.0,4.7,44.0,0.1,0.1,37.5,0.0,0.1,20.0,0.1,0.2,30.8,1.0,3.2,30.8
Joffrey Lauvergne,/stats/player/203530/,SAS,26.0,1.4,2.1,66.1,0.4,1.3,32.4,0.1,0.2,50.0,0.0,0.0,0.0,0.0,0.1,0.0,0.0,0.1,0.0,0.0,0.0,0.0
John Collins,/stats/player/1628381/,ATL,20.0,3.4,4.9,69.3,0.4,1.0,38.0,0.3,0.9,32.8,0.1,0.2,38.9,0.1,0.2,29.4,0.2,0.5,34.3,0.0,0.1,33.3
John Henson,/stats/player/203089/,MIL,27.0,2.8,4.1,67.3,0.7,1.7,44.1,0.3,0.7,35.7,0.0,0.0,0.0,0.0,0.0,0.0,0.0,0.0,0.0,0.0,0.1,25.0
John Holland,/stats/player/204066/,CLE,29.0,0.3,0.6,41.7,0.1,0.2,33.3,0.0,0.4,0.0,0.2,0.4,40.0,0.0,0.4,0.0,0.1,0.7,20.0,0.4,1.2,34.6
John Wall,/stats/player/202322/,WAS,27.0,3.4,5.5,61.5,0.5,1.6,31.3,1.4,5.1,28.1,0.0,0.0,50.0,0.1,0.2,83.3,0.1,0.2,75.0,1.4,3.8,35.9
Johnathan Motley,/stats/player/1628405/,DAL,23.0,2.3,3.4,67.6,0.9,2.0,45.5,0.4,0.9,40.0,0.0,0.1,0.0,0.0,0.0,0.0,0.0,0.1,0.0,0.1,0.4,25.0
Johnny O'Bryant III,/stats/player/203948/,CHA,25.0,0.7,1.2,60.0,0.2,0.9,27.6,0.6,1.6,37.3,0.0,0.1,0.0,0.0,0.1,50.0,0.0,0.1,25.0,0.4,1.1,35.1
Jon Leuer,/stats/player/202720/,DET,29.0,1.3,1.9,66.7,0.3,1.0,25.0,0.4,1.3,30.0,0.0,0.0,0.0,0.0,0.3,0.0,0.0,0.3,0.0,0.0,0.1,0.0
Jonas Jerebko,/stats/player/201973/,UTA,31.0,0.9,1.4,66.7,0.2,0.7,28.3,0.1,0.4,37.9,0.3,0.6,51.3,0.3,0.5,54.8,0.5,1.0,52.9,0.4,1.2,32.2
Jonas Valanciunas,/stats/player/202685/,TOR,26.0,3.1,4.5,68.0,1.2,2.6,47.2,0.4,0.8,43.8,0.1,0.1,80.0,0.0,0.0,0.0,0.1,0.1,66.7,0.3,0.9,38.2
Jonathan Gibson,/stats/player/1626780/,BOS,30.0,1.3,1.5,83.3,0.3,0.8,33.3,0.5,0.5,100.0,0.3,0.3,100.0,0.0,0.0,0.0,0.3,0.3,100.0,1.3,2.8,45.5
Jonathan Isaac,/stats/player/1628371/,ORL,20.0,1.0,1.4,73.7,0.2,0.5,35.7,0.2,1.7,12.8,0.1,0.2,33.3,0.1,0.5,23.1,0.2,0.7,26.3,0.4,1.0,40.7
Jonathon Simmons,/stats/player/203613/,ORL,28.0,2.3,3.5,66.0,1.0,2.5,38.7,0.8,2.0,40.7,0.2,0.6,34.2,0.1,0.3,31.6,0.3,0.8,33.3,0.7,2.1,34.5
Jordan Bell,/stats/player/1628395/,GSW,23.0,1.6,2.3,69.9,0.2,0.5,48.1,0.2,0.4,47.6,0.0,0.0,0.0,0.0,0.0,0.0,0.0,0.0,0.0,0.0,0.1,0.0
Jordan Clarkson,/stats/player/203903/,CLE,26.0,2.0,3.3,59.9,0.8,1.8,42.7,1.2,2.8,42.9,0.2,0.5,51.4,0.1,0.2,31.6,0.3,0.7,44.6,1.1,3.2,33.1
Jordan Crawford,/stats/player/202348/,NOP,29.0,0.2,0.4,50.0,0.4,1.0,40.0,0.2,1.2,16.7,0.5,0.5,100.0,0.0,0.0,0.0,0.3,0.3,100.0,1.4,2.6,53.8
Jordan Mickey,/stats/player/1626175/,MIA,23.0,1.3,2.1,60.4,0.3,0.6,46.2,0.1,0.2,40.0,0.1,0.3,25.0,0.1,0.2,33.3,0.1,0.4,28.6,0.0,0.4,0.0
Jose Calderon,/stats/player/101181/,CLE,36.0,0.5,0.7,69.4,0.1,0.2,36.4,0.4,0.8,47.6,0.0,0.1,50.0,0.2,0.3,63.6,0.2,0.3,60.0,0.6,1.4,43.2
Josh Gray,/stats/player/1627982/,PHX,24.0,1.2,3.2,37.5,0.0,1.0,0.0,0.4,1.4,28.6,0.0,0.0,0.0,0.0,0.0,0.0,0.0,0.0,0.0,0.6,2.6,23.1
Josh Hart,/stats/player/1628404/,LAL,23.0,1.3,2.1,64.9,0.1,0.3,22.2,0.1,0.5,31.0,0.2,0.4,56.0,0.1,0.3,40.0,0.3,0.6,50.0,0.9,2.5,36.9
Josh Huestis,/stats/player/203962/,OKC,26.0,0.4,0.8,44.4,0.0,0.1,20.0,0.0,0.1,33.3,0.1,0.4,25.0,0.1,0.3,27.8,0.2,0.6,26.2,0.3,1.0,29.2
Josh Jackson,/stats/player/1628367/,PHX,21.0,2.6,4.6,57.2,0.8,2.4,34.1,0.9,2.3,37.7,0.1,0.4,33.3,0.1,0.4,22.2,0.2,0.7,27.8,0.5,2.1,26.3
Josh Magette,/stats/player/203705/,ATL,28.0,0.0,0.1,0.0,0.1,0.5,25.0,0.3,0.9,33.3,0.0,0.1,0.0,0.1,0.1,100.0,0.1,0.1,50.0,0.4,1.1,38.9
Josh McRoberts,/stats/player/201177/,DAL,31.0,0.0,0.0,0.0,0.0,0.0,0.0,0.0,0.0,0.0,0.0,0.0,0.0,0.0,0.0,0.0,0.0,0.0,0.0,0.0,0.5,0.0
Josh Richardson,/stats/player/1626196/,MIA,24.0,1.6,2.6,60.7,0.6,1.5,40.3,1.2,2.7,43.5,0.2,0.6,28.9,0.2,0.5,39.0,0.4,1.1,33.7,1.2,3.1,39.4
Josh Smith,/stats/player/2746/,NOP,32.0,0.3,1.0,33.3,0.0,0.0,0.0,0.0,0.3,0.0,0.0,0.0,0.0,0.0,0.0,0.0,0.0,0.0,0.0,0.0,0.0,0.0
Jrue Holiday,/stats/player/201950/,NOP,28.0,3.4,5.3,64.4,1.6,3.3,47.9,1.1,2.3,46.8,0.2,0.5,43.2,0.1,0.4,15.6,0.3,0.9,30.4,1.2,3.5,34.7
Juancho Hernangomez,/stats/player/1627823/,DEN,22.0,0.5,0.8,68.4,0.0,0.2,20.0,0.0,0.0,100.0,0.2,0.3,60.0,0.3,0.9,33.3,0.4,0.9,41.2,0.3,1.4,21.2
Julius Randle,/stats/player/203944/,LAL,23.0,4.9,7.1,68.7,0.9,2.5,34.5,0.3,0.8,31.9,0.0,0.0,66.7,0.0,0.0,0.0,0.0,0.1,40.0,0.1,0.5,21.1
Julyan Stone,/stats/player/202933/,CHA,29.0,0.0,0.0,0.0,0.0,0.0,0.0,0.0,0.0,0.0,0.1,0.3,50.0,0.2,0.3,50.0,0.2,0.5,50.0,0.1,0.2,40.0
Justin Anderson,/stats/player/1626147/,PHI,24.0,1.1,1.7,65.2,0.1,0.5,20.0,0.2,0.4,42.9,0.1,0.4,25.0,0.2,0.6,33.3,0.3,0.9,30.0,0.7,1.9,35.2
Justin Holiday,/stats/player/203200/,CHI,29.0,0.8,1.6,49.2,0.2,0.8,29.8,0.8,2.2,34.4,0.3,0.7,44.9,0.4,1.3,31.9,0.7,1.9,36.4,1.5,4.3,35.9
Justin Jackson,/stats/player/1628382/,SAC,23.0,0.9,1.2,75.9,0.4,0.9,44.3,0.6,1.3,42.2,0.3,0.7,41.9,0.2,0.6,31.3,0.4,1.2,37.3,0.4,1.6,26.9
Justin Patton,/stats/player/1628383/,MIN,21.0,0.0,0.0,0.0,0.0,1.0,0.0,1.0,1.0,100.0,0.0,0.0,0.0,0.0,0.0,0.0,0.0,0.0,0.0,0.0,0.0,0.0
Justise Winslow,/stats/player/1626159/,MIA,22.0,1.7,3.1,54.5,0.5,1.4,33.3,0.2,0.8,22.8,0.2,0.5,34.4,0.3,0.6,42.5,0.4,1.1,38.9,0.3,0.8,39.6
Jusuf Nurkic,/stats/player/203994/,POR,23.0,3.9,6.5,60.6,1.3,3.1,40.2,0.9,2.3,37.9,0.0,0.0,0.0,0.0,0.0,0.0,0.0,0.0,0.0,0.0,0.1,0.0
Kadeem Allen,/stats/player/1628443/,BOS,25.0,0.4,0.7,62.5,0.0,0.1,0.0,0.1,0.2,50.0,0.0,0.5,0.0,0.0,0.3,0.0,0.0,0.5,0.0,0.0,0.4,0.0
Karl-Anthony Towns,/stats/player/1626157/,MIN,22.0,3.8,5.4,70.0,1.4,3.1,46.2,1.1,2.3,47.9,0.2,0.3,55.6,0.1,0.3,55.0,0.3,0.6,55.3,1.1,2.9,39.7
Kawhi Leonard,/stats/player/202695/,SAS,27.0,1.9,2.6,73.9,0.7,2.3,28.6,2.0,3.6,56.3,0.0,0.1,0.0,0.1,0.4,25.0,0.1,0.6,20.0,1.1,3.3,33.3
Kay Felder,/stats/player/1627770/,DET,23.0,0.3,0.9,35.7,0.3,0.8,36.4,0.6,1.9,30.8,0.1,0.1,100.0,0.1,0.1,100.0,0.2,0.2,100.0,0.1,1.1,11.8
Kelly Olynyk,/stats/player/203482/,MIA,27.0,2.0,2.6,75.9,0.4,0.9,40.3,0.4,1.1,35.3,0.1,0.3,35.0,0.1,0.3,45.5,0.2,0.6,40.5,1.2,3.1,37.6
Kelly Oubre Jr.,/stats/player/1626162/,WAS,22.0,1.6,2.8,58.7,0.5,1.3,35.6,0.3,1.2,24.5,0.1,0.6,20.0,0.3,0.7,37.9,0.4,1.3,30.1,1.2,3.2,36.1
Kemba Walker,/stats/player/202689/,CHA,28.0,2.3,4.3,54.1,0.7,1.7,38.1,1.5,3.5,42.3,0.1,0.2,40.0,0.1,0.2,31.3,0.1,0.4,35.5,2.8,7.0,39.1
Kendrick Perkins,/stats/player/2570/,CLE,33.0,0.0,1.0,0.0,1.0,1.0,100.0,0.0,0.0,0.0,0.0,0.0,0.0,0.0,0.0,0.0,0.0,0.0,0.0,0.0,0.0,0.0
Kenneth Faried,/stats/player/202702/,DEN,28.0,1.7,2.9,58.1,0.5,1.4,37.8,0.2,0.3,55.6,0.0,0.0,0.0,0.0,0.0,0.0,0.0,0.0,0.0,0.0,0.0,0.0
Kent Bazemore,/stats/player/203145/,ATL,28.0,1.6,2.8,56.0,0.4,1.3,29.3,0.8,2.1,36.7,0.3,0.7,44.2,0.3,0.6,45.0,0.6,1.3,44.6,1.1,2.9,37.0
Kentavious Caldwell-Pope,/stats/player/203484/,LAL,25.0,1.5,2.3,66.7,0.2,0.7,25.0,0.8,2.2,34.4,0.2,0.6,41.5,0.2,0.4,50.0,0.4,1.0,45.1,1.7,4.6,37.0
Kevin Durant,/stats/player/201142/,GSW,29.0,2.6,3.6,71.8,1.3,2.5,50.9,2.9,5.8,49.4,0.2,0.3,55.0,0.2,0.3,55.0,0.3,0.6,55.0,2.2,5.4,40.8
Kevin Love,/stats/player/201567/,CLE,29.0,2.1,3.3,62.1,0.5,1.5,34.5,0.8,2.0,39.3,0.5,1.1,41.5,0.2,0.7,30.8,0.7,1.8,37.5,1.7,3.8,43.4
Kevon Looney,/stats/player/1626172/,GSW,22.0,1.4,2.1,68.7,0.2,0.5,31.3,0.1,0.3,40.9,0.0,0.0,0.0,0.0,0.0,0.0,0.0,0.0,0.0,0.0,0.0,33.3
Khem Birch,/stats/player/203920/,ORL,25.0,1.3,1.9,66.7,0.3,0.9,38.2,0.1,0.4,21.4,0.0,0.0,0.0,0.0,0.0,0.0,0.0,0.0,0.0,0.0,0.0,0.0
Khris Middleton,/stats/player/203114/,MIL,26.0,1.4,2.5,57.6,1.3,2.5,51.0,2.7,5.5,49.3,0.2,0.5,32.5,0.3,0.5,55.8,0.5,1.0,44.6,1.3,3.9,33.7
Klay Thompson,/stats/player/202691/,GSW,28.0,1.4,2.1,66.0,0.7,1.5,46.2,2.7,5.5,49.1,0.4,0.7,54.0,0.3,0.6,42.2,0.6,1.3,48.4,2.5,5.8,43.4
Kobi Simmons,/stats/player/1628424/,MEM,20.0,1.4,2.1,66.2,0.4,1.1,40.0,0.3,1.5,21.3,0.1,0.3,57.1,0.0,0.2,0.0,0.1,0.4,30.8,0.2,0.7,30.4
Kosta Koufos,/stats/player/201585/,SAC,29.0,1.6,2.4,69.2,1.4,2.8,48.8,0.1,0.3,36.8,0.0,0.0,0.0,0.0,0.0,0.0,0.0,0.0,0.0,0.0,0.0,0.0
Kris Dunn,/stats/player/1627739/,CHI,24.0,2.0,3.7,52.6,1.1,2.7,40.0,1.6,3.8,42.9,0.0,0.2,20.0,0.1,0.2,55.6,0.1,0.4,36.8,0.7,2.2,31.6
Kristaps Porzingis,/stats/player/204001/,NYK,22.0,1.8,3.3,55.8,1.7,3.8,45.8,2.7,6.8,40.2,0.1,0.1,57.1,0.1,0.1,60.0,0.1,0.3,58.3,1.7,4.4,39.2
Kyle Anderson,/stats/player/203937/,SAS,24.0,1.8,2.6,67.4,0.6,1.5,43.1,0.5,1.1,44.3,0.1,0.3,26.3,0.1,0.3,55.6,0.2,0.5,40.5,0.1,0.3,21.1
Kyle Collinsworth,/stats/player/1627858/,DAL,26.0,0.7,1.4,48.8,0.4,1.2,35.1,0.0,0.1,0.0,0.0,0.1,33.3,0.0,0.2,0.0,0.0,0.2,16.7,0.1,0.4,27.3
Kyle Korver,/stats/player/2594/,CLE,37.0,0.3,0.5,72.7,0.1,0.2,36.4,0.4,0.9,46.9,0.4,0.8,53.7,0.2,0.5,44.1,0.6,1.2,50.0,1.6,3.9,41.8
Kyle Kuzma,/stats/player/1628398/,LAL,22.0,2.5,4.2,59.0,1.0,2.1,48.1,0.6,1.6,34.4,0.2,0.6,34.7,0.2,0.5,42.1,0.4,1.1,37.9,1.6,4.5,36.4
Kyle Lowry,/stats/player/200768/,TOR,32.0,1.5,2.4,61.4,0.3,1.0,26.7,0.4,1.1,34.5,0.2,0.6,42.2,0.2,0.3,58.3,0.4,0.9,47.8,2.6,6.7,39.0
Kyle O'Quinn,/stats/player/203124/,NYK,28.0,1.8,2.6,68.8,0.5,1.0,53.9,0.5,1.2,45.7,0.0,0.0,0.0,0.0,0.0,66.7,0.0,0.1,50.0,0.0,0.2,16.7
Kyle Singler,/stats/player/202713/,OKC,30.0,0.3,0.8,42.9,0.2,0.6,28.6,0.0,0.2,0.0,0.0,0.0,0.0,0.0,0.0,0.0,0.0,0.0,0.0,0.2,0.4,40.0
Kyrie Irving,/stats/player/202681/,BOS,26.0,2.9,4.7,61.6,1.4,3.0,47.5,1.9,3.8,49.8,0.2,0.5,39.3,0.2,0.4,52.0,0.4,0.9,45.3,2.4,6.0,40.3
LaMarcus Aldridge,/stats/player/200746/,SAS,32.0,3.9,5.6,70.6,1.7,3.8,45.6,3.1,7.4,42.5,0.1,0.1,60.0,0.0,0.1,28.6,0.1,0.2,47.1,0.3,1.0,25.7
Lance Stephenson,/stats/player/202362/,IND,27.0,1.6,2.7,60.7,0.3,0.8,37.7,0.9,2.3,40.7,0.1,0.3,33.3,0.1,0.3,36.0,0.2,0.6,34.8,0.6,2.2,28.8
Lance Thomas,/stats/player/202498/,NYK,30.0,0.4,0.9,45.6,0.1,0.4,19.2,0.2,0.7,32.7,0.3,0.7,48.9,0.1,0.2,33.3,0.4,0.8,45.6,0.3,0.9,35.8
Langston Galloway,/stats/player/204038/,DET,26.0,0.2,0.3,56.3,0.3,0.7,47.5,0.4,1.1,34.8,0.2,0.5,32.0,0.2,0.5,45.5,0.3,0.9,38.3,1.0,2.9,33.3
Larry Drew II,/stats/player/203580/,NOP,28.0,0.2,0.4,50.0,0.0,0.3,0.0,0.2,0.9,25.0,0.0,0.2,0.0,0.2,0.2,100.0,0.1,0.3,50.0,0.2,0.7,28.6
Larry Nance Jr.,/stats/player/1626204/,CLE,25.0,2.8,3.9,72.2,0.3,0.8,31.5,0.5,1.3,38.6,0.0,0.0,0.0,0.0,0.1,0.0,0.0,0.1,0.0,0.0,0.1,40.0
Lauri Markkanen,/stats/player/1628374/,CHI,21.0,2.3,3.5,65.7,0.3,1.2,27.8,0.8,2.1,35.6,0.1,0.4,33.3,0.1,0.3,33.3,0.2,0.7,33.3,1.9,5.2,36.6
LeBron James,/stats/player/2544/,CLE,33.0,6.5,8.7,75.2,0.7,2.0,35.0,1.4,3.7,38.9,0.1,0.2,38.9,0.1,0.3,35.0,0.2,0.5,36.8,1.6,4.5,36.8
London Perrantes,/stats/player/1628506/,CLE,23.0,0.1,0.2,50.0,0.1,0.6,20.0,0.0,0.3,0.0,0.0,0.0,0.0,0.0,0.0,0.0,0.0,0.0,0.0,0.0,0.2,0.0
Lonzo Ball,/stats/player/1628366/,LAL,20.0,1.5,3.2,47.9,0.4,1.2,33.3,0.3,0.8,32.6,0.1,0.4,19.0,0.1,0.3,31.3,0.2,0.7,24.3,1.5,4.9,31.5
Lorenzo Brown,/stats/player/203485/,TOR,27.0,0.3,0.4,80.0,0.3,0.7,44.4,0.3,0.7,50.0,0.0,0.3,0.0,0.0,0.4,0.0,0.0,0.5,0.0,0.2,0.5,33.3
Lou Williams,/stats/player/101150/,LAC,31.0,2.4,4.1,58.3,1.1,2.9,38.9,1.5,3.4,44.2,0.3,0.9,29.4,0.1,0.5,27.5,0.4,1.4,28.7,1.9,5.1,37.9
Luc Mbah a Moute,/stats/player/201601/,HOU,31.0,1.6,2.5,64.5,0.1,0.2,38.5,0.0,0.1,0.0,0.1,0.4,27.3,0.2,0.8,30.0,0.3,1.2,29.2,0.7,1.7,41.6
Lucas Nogueira,/stats/player/203512/,TOR,25.0,0.9,1.3,71.7,0.0,0.0,100.0,0.0,0.0,0.0,0.0,0.1,0.0,0.0,0.0,0.0,0.0,0.1,0.0,0.1,0.3,33.3
Luis Montero,/stats/player/1626242/,DET,25.0,0.0,0.5,0.0,0.0,0.0,0.0,0.0,0.0,0.0,0.0,0.0,0.0,0.0,0.0,0.0,0.0,0.0,0.0,0.0,0.0,0.0
Luke Babbitt,/stats/player/202337/,MIA,29.0,0.1,0.2,54.5,0.2,0.3,47.1,0.3,0.6,53.1,0.3,0.7,46.2,0.2,0.5,31.6,0.4,1.0,40.0,0.9,2.2,38.2
Luke Kennard,/stats/player/1628379/,DET,22.0,0.6,1.0,57.7,0.3,1.1,31.2,0.8,1.7,49.2,0.0,0.1,16.7,0.2,0.4,42.3,0.2,0.5,37.5,0.9,2.2,42.3
Luke Kornet,/stats/player/1628436/,NYK,22.0,0.9,1.3,65.4,0.1,0.4,14.3,0.2,0.7,23.1,0.0,0.3,0.0,0.2,0.3,75.0,0.2,0.5,33.3,1.3,3.5,35.7
Luol Deng,/stats/player/2736/,LAL,33.0,1.0,1.0,100.0,0.0,1.0,0.0,0.0,0.0,0.0,0.0,0.0,0.0,0.0,0.0,0.0,0.0,0.0,0.0,0.0,0.0,0.0
Malachi Richardson,/stats/player/1627781/,TOR,22.0,0.3,0.8,31.8,0.0,0.2,20.0,0.4,0.9,43.5,0.1,0.2,50.0,0.1,0.3,20.0,0.1,0.4,33.3,0.3,1.2,29.0
Malcolm Brogdon,/stats/player/1627763/,MIL,25.0,2.7,4.3,61.8,0.5,1.4,36.2,0.6,1.4,43.9,0.2,0.5,52.4,0.2,0.5,45.5,0.4,0.9,48.8,0.9,2.4,35.0
Malcolm Delaney,/stats/player/1627098/,ATL,29.0,0.5,1.1,50.0,0.0,0.5,8.0,0.6,1.4,41.0,0.2,0.4,34.8,0.1,0.2,62.5,0.2,0.6,41.9,0.6,1.7,35.9
Malcolm Miller,/stats/player/1626259/,TOR,25.0,0.4,0.5,71.4,0.0,0.0,0.0,0.0,0.0,0.0,0.3,0.5,50.0,0.0,0.1,0.0,0.2,0.5,42.9,0.4,1.0,35.7
Malik Beasley,/stats/player/1627736/,DEN,21.0,0.5,0.8,58.3,0.1,0.4,33.3,0.2,0.5,37.5,0.1,0.3,20.0,0.2,0.5,35.0,0.2,0.6,30.0,0.3,0.9,36.5
Malik Monk,/stats/player/1628370/,CHA,20.0,0.5,0.8,58.8,0.2,0.7,34.9,0.4,1.4,28.4,0.1,0.4,27.8,0.2,0.6,37.0,0.3,0.8,33.3,1.1,3.2,35.1
Mangok Mathiang,/stats/player/1628493/,CHA,25.0,0.8,1.5,50.0,0.3,0.3,100.0,0.0,0.0,0.0,0.0,0.0,0.0,0.0,0.0,0.0,0.0,0.0,0.0,0.0,0.0,0.0
Manu Ginobili,/stats/player/1938/,SAS,40.0,1.4,2.2,62.1,0.4,1.1,37.5,0.3,0.8,36.4,0.1,0.3,50.0,0.1,0.4,21.7,0.2,0.6,33.3,0.8,2.3,33.8
MarShon Brooks,/stats/player/202705/,MEM,29.0,1.9,3.6,52.0,1.9,3.6,52.0,0.9,2.9,30.0,0.0,0.0,0.0,0.1,0.3,50.0,0.1,0.3,50.0,2.6,4.3,60.0
Marc Gasol,/stats/player/201188/,MEM,33.0,1.5,2.5,60.3,1.2,3.6,34.1,1.7,3.7,46.6,0.0,0.1,28.6,0.0,0.0,33.3,0.0,0.1,30.0,1.5,4.2,34.5
Marcin Gortat,/stats/player/101162/,WAS,34.0,2.0,3.3,61.6,1.1,2.4,44.2,0.5,1.2,40.0,0.0,0.0,0.0,0.0,0.0,0.0,0.0,0.0,0.0,0.0,0.0,0.0
Marco Belinelli,/stats/player/201158/,PHI,32.0,0.9,1.4,64.5,0.2,0.6,38.6,1.3,2.7,46.5,0.1,0.4,34.5,0.2,0.4,40.6,0.3,0.8,37.7,1.6,4.2,38.0
Marcus Georges-Hunt,/stats/player/1627875/,MIN,24.0,0.3,0.6,57.1,0.1,0.1,75.0,0.1,0.2,25.0,0.1,0.2,33.3,0.1,0.1,100.0,0.1,0.2,50.0,0.1,0.3,18.2
Marcus Morris Sr.,/stats/player/202694/,BOS,28.0,1.1,1.8,59.2,0.7,1.7,41.1,1.5,3.5,42.9,0.1,0.4,33.3,0.1,0.4,35.0,0.3,0.8,34.1,1.3,3.4,39.1
Marcus Paige,/stats/player/1627779/,CHA,24.0,0.0,0.4,0.0,0.2,0.4,50.0,0.2,0.4,50.0,0.2,0.4,50.0,0.3,0.7,50.0,0.4,0.8,50.0,0.0,0.8,0.0
Marcus Smart,/stats/player/203935/,BOS,24.0,1.1,2.0,53.7,0.6,1.6,34.8,0.5,1.3,35.7,0.1,0.3,17.6,0.2,0.4,40.0,0.2,0.7,29.7,1.2,3.9,30.8
Mario Chalmers,/stats/player/201596/,MEM,32.0,0.9,1.8,53.0,0.4,1.2,35.0,0.4,0.8,45.5,0.1,0.3,25.0,0.1,0.4,36.4,0.2,0.6,31.0,0.6,2.1,28.4
Mario Hezonja,/stats/player/1626209/,ORL,23.0,1.5,2.4,63.9,0.4,1.1,38.0,0.5,1.2,41.8,0.1,0.3,23.8,0.1,0.3,36.8,0.2,0.6,30.0,1.0,3.0,34.4
Markel Brown,/stats/player/203900/,HOU,26.0,0.0,0.3,0.0,0.0,0.0,0.0,0.3,0.3,100.0,0.0,0.0,0.0,0.0,0.0,0.0,0.0,0.0,0.0,0.3,1.3,20.0
Markelle Fultz,/stats/player/1628365/,PHI,20.0,2.1,3.6,60.0,0.7,2.9,25.0,0.4,1.4,25.0,0.0,0.0,0.0,0.0,0.0,0.0,0.0,0.0,0.0,0.0,0.1,0.0
Markieff Morris,/stats/player/202693/,WAS,28.0,1.4,2.1,66.9,0.8,1.6,52.6,1.3,2.9,43.3,0.2,0.5,41.7,0.1,0.4,24.0,0.3,0.8,34.4,0.8,1.9,39.0
Marquese Chriss,/stats/player/1627737/,PHX,20.0,1.6,2.6,60.8,0.2,0.7,26.9,0.3,0.7,39.6,0.1,0.6,23.7,0.1,0.3,26.3,0.2,0.8,24.6,0.6,1.9,31.3
Marquis Teague,/stats/player/203104/,MEM,25.0,0.7,1.3,50.0,0.3,0.7,50.0,0.0,2.0,0.0,0.0,0.3,0.0,0.0,0.0,0.0,0.0,0.3,0.0,0.3,0.7,50.0
Marreese Speights,/stats/player/201578/,ORL,30.0,0.4,0.7,52.8,0.3,0.7,41.7,0.4,0.9,40.9,0.1,0.2,57.1,0.1,0.2,50.0,0.1,0.3,53.8,1.5,4.3,35.9
Marshall Plumlee,/stats/player/1627850/,MIL,25.0,0.1,0.4,33.3,0.0,0.0,0.0,0.0,0.0,0.0,0.0,0.0,0.0,0.0,0.0,0.0,0.0,0.0,0.0,0.0,0.0,0.0
Marvin Williams,/stats/player/101107/,CHA,32.0,1.0,1.8,56.4,0.5,0.9,50.0,0.2,0.6,36.4,0.2,0.7,34.7,0.2,0.5,44.4,0.4,1.1,38.8,1.2,2.8,42.3
Mason Plumlee,/stats/player/203486/,DEN,28.0,2.6,3.7,68.8,0.3,1.0,32.0,0.1,0.2,43.8,0.0,0.0,0.0,0.0,0.0,0.0,0.0,0.0,0.0,0.0,0.0,0.0
Matt Costello,/stats/player/1627856/,SAS,24.0,0.5,1.0,50.0,0.0,0.0,0.0,0.0,0.0,0.0,0.0,0.0,0.0,0.0,0.0,0.0,0.0,0.0,0.0,0.0,0.0,0.0
Matt Williams Jr.,/stats/player/1628475/,MIA,24.0,0.0,0.0,0.0,0.0,0.0,0.0,0.5,0.5,100.0,0.0,1.0,0.0,0.0,0.0,0.0,0.0,0.5,0.0,0.3,1.3,25.0
Matthew Dellavedova,/stats/player/203521/,MIL,27.0,0.2,0.5,38.9,0.4,1.1,35.0,0.1,0.4,29.4,0.0,0.1,25.0,0.1,0.2,57.1,0.1,0.3,45.5,0.6,1.7,36.4
Maurice Harkless,/stats/player/203090/,POR,25.0,1.5,2.5,59.3,0.1,0.4,36.4,0.1,0.2,33.3,0.3,0.5,50.0,0.2,0.5,31.0,0.4,0.9,40.0,0.5,1.1,42.9
Maxi Kleber,/stats/player/1628467/,DAL,26.0,1.2,1.7,67.7,0.2,0.3,59.1,0.2,0.5,40.0,0.1,0.5,25.0,0.2,0.5,50.0,0.3,0.8,36.5,0.3,1.1,28.0
Meyers Leonard,/stats/player/203086/,POR,26.0,0.5,0.7,77.3,0.2,0.4,53.8,0.4,0.5,64.7,0.1,0.2,66.7,0.0,0.1,0.0,0.1,0.2,50.0,0.3,0.7,40.9
Michael Beasley,/stats/player/201563/,NYK,29.0,2.7,4.2,64.7,1.4,2.8,49.0,1.1,2.9,36.6,0.1,0.2,33.3,0.0,0.2,23.1,0.1,0.4,28.0,0.4,0.8,45.0
Michael Carter-Williams,/stats/player/203487/,CHA,26.0,0.8,1.6,50.0,0.3,0.9,27.1,0.2,0.8,19.5,0.0,0.3,7.1,0.1,0.2,44.4,0.1,0.5,21.7,0.2,0.7,25.7
Michael Kidd-Gilchrist,/stats/player/203077/,CHA,24.0,2.2,3.4,66.0,0.6,1.5,38.7,1.0,2.7,37.6,0.0,0.0,0.0,0.0,0.0,0.0,0.0,0.0,0.0,0.0,0.0,0.0
Mike Conley,/stats/player/201144/,MEM,30.0,2.2,3.9,55.3,0.8,2.2,34.6,0.4,1.5,27.8,0.1,0.4,20.0,0.0,0.3,0.0,0.1,0.7,12.5,1.9,5.8,33.3
Mike James,/stats/player/1628455/,NOP,27.0,1.4,2.6,53.7,0.8,1.7,46.7,0.5,1.9,26.5,0.1,0.3,50.0,0.1,0.1,66.7,0.2,0.3,54.5,0.6,2.4,23.3
Mike Muscala,/stats/player/203488/,ATL,26.0,1.0,1.4,69.7,0.3,0.6,47.1,0.2,0.7,34.3,0.3,0.7,47.1,0.2,0.4,50.0,0.5,1.1,48.2,0.7,2.1,31.5
Mike Scott,/stats/player/203118/,WAS,29.0,0.9,1.4,67.3,0.7,1.3,51.5,1.2,2.1,56.3,0.2,0.4,47.8,0.1,0.3,40.0,0.3,0.6,44.2,0.6,1.6,39.5
Miles Plumlee,/stats/player/203101/,ATL,29.0,1.5,2.3,66.9,0.3,0.9,38.3,0.0,0.1,33.3,0.0,0.0,0.0,0.0,0.0,0.0,0.0,0.0,0.0,0.0,0.0,0.0
Milos Teodosic,/stats/player/1628462/,LAC,31.0,0.3,0.5,62.5,0.3,0.6,50.0,0.8,1.7,44.9,0.0,0.3,18.2,0.2,0.2,66.7,0.2,0.4,40.0,1.8,4.7,37.7
Milton Doyle,/stats/player/1628495/,BKN,24.0,0.5,1.3,38.5,0.4,1.0,40.0,0.0,0.1,0.0,0.1,0.3,33.3,0.0,0.1,0.0,0.1,0.4,25.0,0.3,1.9,15.8
Mindaugas Kuzminskas,/stats/player/1627851/,NYK,28.0,0.0,1.0,0.0,0.0,1.0,0.0,0.0,0.0,0.0,0.0,0.0,0.0,0.0,0.0,0.0,0.0,0.0,0.0,0.0,0.0,0.0
Mirza Teletovic,/stats/player/203141/,MIL,32.0,0.1,0.4,25.0,0.1,0.3,33.3,0.2,0.5,40.0,0.3,0.7,50.0,0.0,0.0,0.0,0.3,0.6,50.0,1.8,3.9,46.2
Monte Morris,/stats/player/1628420/,DEN,23.0,1.5,2.0,75.0,0.5,0.5,100.0,0.0,0.0,0.0,0.0,0.0,0.0,0.0,0.0,0.0,0.0,0.0,0.0,0.0,0.5,0.0
Montrezl Harrell,/stats/player/1626149/,LAC,24.0,3.7,5.1,72.1,0.8,1.6,48.8,0.1,0.4,24.1,0.0,0.0,0.0,0.0,0.0,0.0,0.0,0.0,0.0,0.0,0.1,16.7
Myke Henry,/stats/player/1627988/,MEM,25.0,1.0,1.8,54.3,0.0,0.3,0.0,0.2,0.6,27.3,0.2,0.4,37.5,0.4,0.7,53.8,0.5,1.1,47.6,0.5,1.9,24.3
Myles Turner,/stats/player/1626167/,IND,22.0,1.7,2.9,59.4,0.4,0.9,43.3,1.7,3.6,48.1,0.0,0.1,12.5,0.0,0.1,50.0,0.1,0.2,28.6,0.8,2.2,36.6
Nate Wolters,/stats/player/203489/,UTA,27.0,0.0,0.0,0.0,0.2,1.0,20.0,0.0,0.3,0.0,0.0,0.0,0.0,0.0,0.0,0.0,0.0,0.0,0.0,0.0,0.0,0.0
Naz Mitrou-Long,/stats/player/1628513/,UTA,24.0,0.0,0.0,0.0,0.0,0.0,0.0,0.0,0.0,0.0,0.0,0.0,0.0,0.0,0.0,0.0,0.0,0.0,0.0,1.0,1.0,100.0
Nemanja Bjelica,/stats/player/202357/,MIN,30.0,1.0,1.7,63.1,0.3,0.9,39.0,0.0,0.3,11.1,0.2,0.4,45.8,0.1,0.4,30.4,0.3,0.7,38.3,0.9,2.0,42.6
Nene,/stats/player/2403/,HOU,35.0,2.1,3.3,62.2,0.3,0.6,41.9,0.3,0.7,47.1,0.0,0.0,0.0,0.0,0.0,0.0,0.0,0.0,0.0,0.0,0.0,0.0
Nerlens Noel,/stats/player/203457/,DAL,24.0,1.3,2.4,56.5,0.5,0.9,53.8,0.1,0.3,22.2,0.0,0.0,0.0,0.0,0.0,0.0,0.0,0.0,0.0,0.0,0.0,0.0
Nick Collison,/stats/player/2555/,OKC,37.0,0.7,1.0,71.4,0.3,0.3,75.0,0.0,0.1,0.0,0.0,0.0,0.0,0.0,0.0,0.0,0.0,0.0,0.0,0.0,0.0,0.0
Nick Young,/stats/player/201156/,GSW,33.0,0.3,0.4,68.6,0.2,0.5,48.6,0.5,1.1,40.0,0.3,0.9,31.3,0.3,0.6,50.0,0.5,1.3,37.8,1.1,2.8,37.9
Nicolas Batum,/stats/player/201587/,CHA,29.0,0.8,1.2,68.9,0.5,1.1,47.1,1.5,3.6,40.5,0.1,0.3,31.6,0.1,0.2,25.0,0.1,0.5,29.0,1.3,3.8,34.3
Nicolas Brussino,/stats/player/1627852/,ATL,25.0,0.0,0.0,0.0,0.0,0.0,0.0,0.0,0.0,0.0,0.0,1.0,0.0,0.0,0.0,0.0,0.0,0.5,0.0,0.0,0.3,0.0
Nigel Hayes,/stats/player/1628502/,SAC,23.0,0.1,0.4,25.0,0.0,0.3,0.0,0.8,1.4,54.5,0.3,1.2,28.6,0.5,0.5,100.0,0.6,1.3,44.4,0.0,0.8,0.0
Nik Stauskas,/stats/player/203917/,BKN,24.0,0.4,0.7,53.6,0.0,0.3,8.3,0.1,0.3,28.6,0.1,0.4,41.7,0.1,0.1,66.7,0.2,0.4,46.7,0.8,2.0,39.3
Nikola Jokic,/stats/player/203999/,DEN,23.0,2.4,3.7,64.6,1.6,3.5,46.7,1.2,2.5,47.9,0.1,0.1,40.0,0.1,0.2,72.7,0.2,0.3,57.1,1.3,3.4,38.4
Nikola Mirotic,/stats/player/202703/,NOP,27.0,1.8,2.7,65.5,0.5,1.0,50.9,0.8,2.2,37.4,0.3,0.8,37.8,0.2,0.5,45.8,0.5,1.3,40.6,1.9,5.3,37.0
Nikola Vucevic,/stats/player/202696/,ORL,27.0,2.6,3.6,72.9,1.7,3.9,43.0,1.6,3.7,43.1,0.0,0.0,0.0,0.0,0.0,100.0,0.0,0.0,50.0,1.1,3.5,31.0
Noah Vonleh,/stats/player/203943/,CHI,22.0,1.1,1.8,58.2,0.2,0.6,37.5,0.3,0.7,39.5,0.0,0.1,0.0,0.0,0.0,100.0,0.0,0.1,16.7,0.4,1.1,31.7
Norman Powell,/stats/player/1626181/,TOR,25.0,1.0,1.8,56.2,0.3,0.6,46.2,0.2,0.4,39.3,0.1,0.8,15.9,0.2,0.4,54.5,0.3,1.0,28.8,0.5,1.7,28.3
OG Anunoby,/stats/player/1628384/,TOR,20.0,1.2,1.8,67.2,0.0,0.1,11.1,0.0,0.1,18.2,0.3,0.8,38.2,0.4,0.8,50.0,0.6,1.4,43.9,0.3,1.2,28.4
Okaro White,/stats/player/1627855/,CLE,25.0,0.4,0.8,50.0,0.0,0.0,0.0,0.2,0.2,100.0,0.3,1.0,25.0,0.0,0.0,0.0,0.2,0.8,25.0,0.6,1.4,42.9
Omari Johnson,/stats/player/204179/,MEM,29.0,1.0,1.3,80.0,0.0,0.0,0.0,0.3,1.0,25.0,0.3,0.3,100.0,0.0,0.5,0.0,0.3,0.8,33.3,0.8,2.3,33.3
Omer Asik,/stats/player/201600/,CHI,31.0,0.4,1.0,38.9,0.0,0.1,0.0,0.1,0.2,66.7,0.0,0.0,0.0,0.0,0.0,0.0,0.0,0.0,0.0,0.0,0.0,0.0
Omri Casspi,/stats/player/201956/,GSW,30.0,1.5,2.1,68.1,0.5,1.1,43.1,0.2,0.3,57.1,0.1,0.1,100.0,0.1,0.1,66.7,0.1,0.1,80.0,0.1,0.3,37.5
Otto Porter Jr.,/stats/player/203490/,WAS,25.0,1.5,2.2,68.6,0.8,1.7,46.1,1.7,3.6,47.7,0.2,0.4,41.4,0.2,0.5,47.1,0.4,0.8,44.4,1.4,3.2,44.5
P.J. Tucker,/stats/player/200782/,HOU,33.0,0.5,0.9,56.8,0.1,0.4,23.3,0.1,0.3,29.6,0.6,1.4,42.7,0.4,1.1,37.1,1.0,2.5,40.3,0.4,1.3,30.8
PJ Dozier,/stats/player/1628408/,OKC,21.0,0.5,0.5,100.0,0.0,0.0,0.0,0.0,0.5,0.0,0.0,0.0,0.0,0.0,0.0,0.0,0.0,0.0,0.0,0.0,0.0,0.0
Pascal Siakam,/stats/player/1627783/,TOR,24.0,2.2,3.1,70.2,0.5,1.2,41.4,0.1,0.2,30.8,0.1,0.5,23.7,0.1,0.4,32.3,0.2,0.9,27.5,0.1,0.7,17.2
Pat Connaughton,/stats/player/1626192/,POR,25.0,0.8,1.3,59.6,0.2,0.5,35.7,0.2,0.4,41.2,0.1,0.3,21.1,0.1,0.3,26.1,0.1,0.6,23.8,0.8,2.0,38.3
Patrick Beverley,/stats/player/201976/,LAC,29.0,1.5,2.8,54.8,0.6,1.7,36.8,0.0,0.8,0.0,0.2,0.8,22.2,0.1,0.2,50.0,0.3,1.0,27.3,1.9,4.5,42.9
Patrick McCaw,/stats/player/1627775/,GSW,22.0,1.0,1.6,62.5,0.1,0.4,33.3,0.2,0.6,30.3,0.1,0.2,50.0,0.1,0.3,41.7,0.2,0.4,45.5,0.2,1.0,15.8
Patrick Patterson,/stats/player/202335/,OKC,29.0,0.3,0.5,56.4,0.1,0.5,28.9,0.1,0.2,38.9,0.2,0.5,37.5,0.2,0.6,40.5,0.4,0.9,39.2,0.5,1.2,38.1
Patty Mills,/stats/player/201988/,SAS,29.0,0.6,1.0,56.6,0.1,0.4,35.5,0.8,1.9,44.5,0.2,0.5,44.4,0.2,0.3,46.2,0.3,0.8,45.2,1.5,4.3,35.8
Pau Gasol,/stats/player/2200/,SAS,37.0,1.8,2.8,64.8,0.6,1.7,32.8,0.8,2.1,38.1,0.1,0.3,30.0,0.1,0.3,36.8,0.2,0.5,33.3,0.4,1.1,37.0
Paul George,/stats/player/202331/,OKC,28.0,2.3,3.7,61.9,0.6,1.7,36.8,1.3,3.8,33.2,0.3,0.6,44.4,0.4,1.0,43.8,0.7,1.6,44.0,2.4,6.1,39.4
Paul Millsap,/stats/player/200794/,DEN,33.0,1.9,3.1,61.9,1.7,3.4,48.5,0.7,1.9,36.5,0.2,0.3,72.7,0.1,0.3,30.0,0.3,0.6,52.4,0.7,2.4,30.8
Paul Zipser,/stats/player/1627835/,CHI,24.0,0.4,0.7,56.4,0.2,0.6,31.3,0.2,1.0,22.6,0.1,0.4,35.3,0.1,0.1,50.0,0.2,0.5,39.1,0.5,1.6,32.2
Quincy Acy,/stats/player/203112/,BKN,27.0,0.3,0.7,45.7,0.0,0.1,0.0,0.1,0.3,30.4,0.4,0.9,45.0,0.2,0.5,31.3,0.6,1.4,40.2,0.9,2.8,32.7
Quincy Pondexter,/stats/player/202347/,CHI,30.0,0.4,0.8,50.0,0.1,0.2,33.3,0.0,0.3,16.7,0.1,0.2,25.0,0.0,0.1,0.0,0.0,0.3,16.7,0.1,0.7,13.3
Quinn Cook,/stats/player/1626188/,GSW,25.0,0.8,1.5,54.0,0.5,1.1,47.2,1.1,2.1,51.6,0.2,0.4,60.0,0.1,0.3,25.0,0.3,0.6,44.4,1.2,2.7,44.0
RJ Hunter,/stats/player/1626154/,HOU,24.0,0.8,1.0,75.0,0.0,0.3,0.0,0.3,0.3,100.0,0.3,0.3,100.0,0.0,0.5,0.0,0.3,0.7,50.0,0.4,2.4,16.7
Rajon Rondo,/stats/player/200765/,NOP,32.0,2.0,3.4,58.4,0.5,1.0,47.8,0.3,0.9,36.2,0.1,0.5,20.0,0.2,0.6,34.3,0.3,1.0,27.7,0.5,1.3,37.6
Ramon Sessions,/stats/player/201196/,WAS,32.0,0.8,1.6,47.7,0.3,1.5,23.7,0.1,0.3,44.4,0.1,0.2,40.0,0.1,0.2,25.0,0.1,0.4,33.3,0.2,0.6,29.4
Rashad Vaughn,/stats/player/1626173/,ORL,21.0,0.2,0.3,50.0,0.1,0.2,40.0,0.1,0.3,50.0,0.2,0.4,50.0,0.2,0.3,75.0,0.4,0.6,60.0,0.3,1.1,29.6
Raul Neto,/stats/player/203526/,UTA,26.0,0.9,1.4,63.2,0.2,0.8,30.3,0.1,0.4,26.7,0.1,0.3,40.0,0.1,0.1,75.0,0.2,0.4,50.0,0.3,0.7,42.9
Raymond Felton,/stats/player/101109/,OKC,34.0,0.7,1.2,52.9,0.4,0.9,44.7,0.7,1.8,38.2,0.1,0.2,35.7,0.2,0.4,53.6,0.2,0.5,47.6,0.7,2.2,34.3
Reggie Bullock,/stats/player/203493/,DET,27.0,1.4,2.0,68.5,0.4,1.1,31.9,0.6,1.2,48.6,0.3,0.6,45.7,0.3,0.7,41.9,0.5,1.3,43.6,1.5,3.3,45.0
Reggie Hearn,/stats/player/203687/,DET,26.0,0.0,0.0,0.0,0.0,0.0,0.0,0.0,0.0,0.0,0.0,0.0,0.0,1.0,1.0,100.0,0.5,0.5,100.0,0.0,0.3,0.0
Reggie Jackson,/stats/player/202704/,DET,28.0,1.4,2.6,54.8,1.6,3.4,48.1,1.3,3.1,40.7,0.1,0.3,46.2,0.1,0.3,33.3,0.2,0.6,40.0,0.9,3.1,30.0
Richard Jefferson,/stats/player/2210/,DEN,38.0,0.2,0.4,50.0,0.3,0.5,50.0,0.1,0.1,50.0,0.0,0.0,0.0,0.0,0.0,0.0,0.0,0.0,0.0,0.1,0.4,28.6
Richaun Holmes,/stats/player/1626158/,PHI,24.0,2.2,2.8,76.5,0.4,1.1,38.9,0.1,0.4,30.0,0.0,0.1,0.0,0.0,0.0,0.0,0.0,0.1,0.0,0.1,0.6,14.8
Ricky Rubio,/stats/player/201937/,UTA,27.0,1.1,2.1,50.9,0.5,1.3,40.8,1.6,3.7,43.4,0.3,0.7,42.0,0.1,0.4,27.6,0.4,1.0,36.7,0.9,2.5,34.5
Robert Covington,/stats/player/203496/,PHI,27.0,1.3,2.1,64.1,0.2,0.7,30.8,0.2,0.8,28.4,0.1,0.5,28.2,0.2,0.3,54.2,0.3,0.8,38.1,2.2,6.0,37.1
Robin Lopez,/stats/player/201577/,CHI,30.0,2.6,3.8,68.3,1.8,3.6,49.1,0.9,2.4,37.2,0.0,0.0,0.0,0.0,0.0,0.0,0.0,0.0,0.0,0.1,0.2,28.6
Rodney Hood,/stats/player/203918/,CLE,25.0,0.9,1.5,60.9,1.2,2.6,46.8,1.2,2.9,39.2,0.2,0.6,33.3,0.2,0.4,50.0,0.4,1.0,40.4,1.7,4.6,38.0
Rodney McGruder,/stats/player/203585/,MIA,26.0,0.8,1.1,77.8,0.2,0.7,33.3,0.2,0.4,37.5,0.1,0.7,20.0,0.4,0.9,46.2,0.5,1.4,34.8,0.4,0.7,58.3
Rodney Purvis,/stats/player/1628681/,ORL,24.0,0.4,0.8,53.8,0.3,0.5,50.0,0.7,2.1,32.4,0.2,0.7,30.0,0.0,0.4,0.0,0.2,1.0,20.0,0.6,2.3,27.8
Ron Baker,/stats/player/1627758/,NYK,25.0,0.3,0.7,40.0,0.0,0.0,0.0,0.0,0.2,20.0,0.1,0.2,33.3,0.1,0.2,40.0,0.1,0.4,36.4,0.3,0.8,31.8
Rondae Hollis-Jefferson,/stats/player/1626178/,BKN,23.0,2.7,4.6,58.8,1.0,2.6,37.4,1.2,2.7,43.5,0.1,0.3,31.6,0.0,0.2,30.0,0.1,0.4,31.0,0.1,0.3,17.4
Royce O'Neale,/stats/player/1626220/,UTA,25.0,0.8,1.6,51.9,0.2,0.6,38.5,0.1,0.3,36.8,0.2,0.5,41.9,0.2,0.5,38.5,0.4,0.9,40.4,0.3,0.8,32.8
Rudy Gay,/stats/player/200752/,SAS,31.0,1.8,2.7,65.4,1.0,2.3,44.7,1.0,2.4,42.5,0.1,0.3,37.5,0.1,0.2,23.1,0.2,0.5,31.0,0.5,1.5,33.7
Rudy Gobert,/stats/player/203497/,UTA,26.0,4.7,6.6,70.2,0.2,1.0,17.5,0.1,0.3,33.3,0.0,0.0,0.0,0.0,0.0,0.0,0.0,0.0,0.0,0.0,0.0,0.0
Russell Westbrook,/stats/player/201566/,OKC,29.0,4.9,8.3,59.2,0.7,2.1,33.3,2.6,6.6,39.8,0.1,0.1,44.4,0.0,0.1,20.0,0.1,0.2,31.6,1.1,3.8,29.5
Ryan Anderson,/stats/player/201583/,HOU,30.0,0.7,1.1,61.3,0.1,0.3,22.2,0.4,0.7,54.2,0.1,0.3,31.3,0.2,0.3,47.6,0.2,0.6,40.5,1.8,4.6,38.4
Ryan Arcidiacono,/stats/player/1627853/,CHI,24.0,0.2,0.2,100.0,0.0,0.1,33.3,0.1,0.1,100.0,0.2,0.3,66.7,0.2,0.3,60.0,0.4,0.6,63.6,0.1,0.8,10.5
Salah Mejri,/stats/player/1626257/,DAL,32.0,1.3,1.9,69.9,0.1,0.3,47.1,0.0,0.1,25.0,0.0,0.0,0.0,0.0,0.0,0.0,0.0,0.0,0.0,0.0,0.1,0.0
Sam Dekker,/stats/player/1626155/,LAC,24.0,1.4,2.2,65.6,0.2,0.4,42.9,0.0,0.2,21.4,0.0,0.2,12.5,0.0,0.2,22.2,0.1,0.3,17.6,0.1,0.6,16.7
Scotty Hopson,/stats/player/203816/,DAL,28.0,0.0,1.0,0.0,0.0,0.0,0.0,0.0,0.0,0.0,0.0,0.0,0.0,0.0,0.0,0.0,0.0,0.0,0.0,0.0,0.0,0.0
Sean Kilpatrick,/stats/player/203930/,CHI,28.0,0.8,1.4,54.2,0.2,0.7,32.4,0.3,0.8,31.7,0.2,0.7,25.9,0.2,0.4,43.8,0.3,1.0,32.6,0.6,2.0,32.3
Semi Ojeleye,/stats/player/1628400/,BOS,23.0,0.2,0.5,44.7,0.1,0.2,36.4,0.1,0.2,28.6,0.1,0.4,30.8,0.3,0.6,41.7,0.3,0.9,37.1,0.2,0.9,27.0
Serge Ibaka,/stats/player/201586/,TOR,28.0,1.4,2.0,68.2,0.9,1.8,51.5,1.3,2.6,49.8,0.2,0.4,41.4,0.1,0.2,50.0,0.3,0.6,44.4,1.1,3.3,34.3
Shabazz Muhammad,/stats/player/203498/,MIL,25.0,1.1,2.0,57.8,0.5,1.4,38.6,0.2,0.5,33.3,0.2,0.3,50.0,0.0,0.1,0.0,0.1,0.3,40.0,0.1,0.4,17.6
Shabazz Napier,/stats/player/203894/,POR,26.0,0.8,1.5,51.8,0.2,0.6,27.7,0.9,2.1,45.4,0.1,0.4,30.8,0.1,0.1,66.7,0.2,0.5,40.0,0.9,2.5,37.2
Shane Larkin,/stats/player/203499/,BOS,25.0,0.6,1.1,51.7,0.1,0.4,36.8,0.3,1.0,27.8,0.1,0.2,55.6,0.0,0.1,25.0,0.1,0.3,46.2,0.5,1.4,34.2
Shaquille Harrison,/stats/player/1627885/,PHX,24.0,2.2,3.8,58.6,0.0,0.4,11.1,0.0,0.1,50.0,0.2,0.2,75.0,0.0,0.2,0.0,0.2,0.4,37.5,0.1,0.8,17.6
Shaun Livingston,/stats/player/2733/,GSW,32.0,0.9,1.3,67.8,0.6,1.2,46.6,1.0,2.3,43.8,0.0,0.0,0.0,0.0,0.0,0.0,0.0,0.0,0.0,0.0,0.0,0.0
Shelvin Mack,/stats/player/202714/,ORL,28.0,1.2,1.8,65.6,0.5,1.4,32.6,0.3,0.9,32.2,0.1,0.2,45.5,0.1,0.1,37.5,0.1,0.3,42.1,0.6,1.8,33.6
Sindarius Thornwell,/stats/player/1628414/,LAC,23.0,0.7,1.5,45.7,0.3,0.7,42.2,0.1,0.3,43.5,0.1,0.3,43.8,0.1,0.2,38.5,0.2,0.5,41.4,0.2,0.4,37.9
Skal Labissiere,/stats/player/1627746/,SAC,22.0,1.5,2.2,68.4,1.0,2.6,38.3,0.6,2.0,30.8,0.0,0.0,0.0,0.1,0.1,100.0,0.1,0.1,100.0,0.3,0.8,31.9
Solomon Hill,/stats/player/203524/,NOP,27.0,0.4,0.8,55.6,0.1,0.8,11.1,0.1,0.2,50.0,0.1,0.3,33.3,0.0,0.1,0.0,0.1,0.3,25.0,0.3,1.3,18.8
Spencer Dinwiddie,/stats/player/203915/,BKN,25.0,1.5,2.6,56.9,0.5,1.5,33.1,0.3,1.0,31.6,0.0,0.1,0.0,0.2,0.4,42.4,0.2,0.5,32.6,1.6,4.9,32.6
Stanley Johnson,/stats/player/1626169/,DET,22.0,1.2,2.1,58.6,0.3,1.1,25.3,0.6,1.6,36.1,0.1,0.4,29.2,0.2,0.8,30.8,0.3,1.1,30.3,0.6,2.2,28.8
Stephen Curry,/stats/player/201939/,GSW,30.0,2.2,3.4,64.9,0.5,1.2,42.4,1.5,2.5,60.0,0.3,0.9,35.6,0.2,0.6,34.5,0.5,1.5,35.1,3.6,8.2,44.4
Sterling Brown,/stats/player/1628425/,MIL,23.0,0.6,1.2,49.2,0.1,0.4,28.6,0.2,0.5,42.9,0.2,0.6,37.5,0.1,0.4,35.3,0.3,0.8,36.6,0.3,0.9,34.7
Steven Adams,/stats/player/203500/,OKC,24.0,4.7,7.0,67.7,1.1,2.2,50.0,0.1,0.2,41.7,0.0,0.0,0.0,0.0,0.0,0.0,0.0,0.0,0.0,0.0,0.0,0.0
T.J. Leaf,/stats/player/1628388/,IND,21.0,0.7,1.1,60.7,0.1,0.4,27.8,0.1,0.4,35.0,0.0,0.2,14.3,0.1,0.3,57.1,0.1,0.4,35.7,0.2,0.5,46.4
T.J. McConnell,/stats/player/204456/,PHI,26.0,1.0,1.6,63.6,0.8,1.8,41.0,0.7,1.3,50.0,0.0,0.1,37.5,0.2,0.3,68.8,0.2,0.3,58.3,0.2,0.4,38.2
T.J. Warren,/stats/player/203933/,PHX,24.0,4.4,6.7,66.7,1.5,3.6,40.7,1.9,4.7,40.8,0.1,0.3,22.7,0.1,0.3,20.0,0.1,0.6,21.6,0.2,0.8,22.6
Taj Gibson,/stats/player/201959/,MIN,33.0,3.4,4.8,71.9,0.9,2.0,47.2,0.7,1.8,40.3,0.1,0.2,26.3,0.0,0.1,22.2,0.1,0.3,25.0,0.0,0.1,0.0
Tarik Black,/stats/player/204028/,HOU,26.0,1.4,2.0,70.3,0.1,0.2,25.0,0.0,0.1,0.0,0.0,0.1,0.0,0.0,0.0,100.0,0.0,0.1,33.3,0.0,0.1,0.0
Taurean Prince,/stats/player/1627752/,ATL,24.0,1.8,3.1,57.6,0.7,1.7,39.1,0.5,1.5,29.8,0.3,0.7,42.9,0.3,0.6,54.9,0.6,1.3,48.6,1.5,4.3,35.5
Terrance Ferguson,/stats/player/1628390/,OKC,20.0,0.3,0.5,69.0,0.0,0.1,20.0,0.2,0.3,60.0,0.4,0.8,52.8,0.2,0.6,26.9,0.5,1.2,41.9,0.2,1.0,24.1
Terrence Ross,/stats/player/203082/,ORL,27.0,0.8,1.2,71.4,0.4,1.2,32.1,0.7,1.8,39.5,0.3,0.5,63.6,0.2,0.4,44.4,0.5,0.8,55.0,0.8,2.9,27.1
Terry Rozier,/stats/player/1626179/,BOS,24.0,1.0,2.1,50.0,0.4,1.3,30.8,0.6,1.6,38.0,0.3,0.6,46.5,0.1,0.3,16.7,0.3,0.9,35.8,1.6,4.1,38.7
Thabo Sefolosha,/stats/player/200757/,UTA,34.0,1.6,2.4,67.0,0.3,0.7,40.7,0.4,1.0,38.5,0.3,0.8,42.9,0.2,0.5,50.0,0.6,1.2,45.7,0.3,1.0,27.0
Thaddeus Young,/stats/player/201152/,IND,30.0,2.9,4.6,62.4,1.0,2.4,43.6,0.6,1.4,39.7,0.2,0.5,35.0,0.1,0.3,25.0,0.2,0.7,31.7,0.5,1.5,32.8
Thomas Bryant,/stats/player/1628418/,LAL,20.0,0.4,0.5,83.3,0.0,0.1,0.0,0.2,0.3,50.0,0.0,0.4,0.0,0.0,0.2,0.0,0.0,0.4,0.0,0.1,0.5,14.3
Thon Maker,/stats/player/1627748/,MIL,21.0,0.7,1.4,52.0,0.2,0.5,37.8,0.4,1.0,43.4,0.1,0.2,50.0,0.2,0.5,29.7,0.2,0.7,34.0,0.2,0.7,27.3
Tim Frazier,/stats/player/204025/,WAS,27.0,0.3,0.6,60.6,0.2,0.5,37.9,0.3,0.9,37.0,0.0,0.0,50.0,0.0,0.0,0.0,0.0,0.1,33.3,0.3,0.9,30.2
Tim Hardaway Jr.,/stats/player/203501/,NYK,26.0,2.3,3.8,61.7,0.6,1.6,37.4,1.1,2.5,45.7,0.2,0.5,42.3,0.2,0.5,32.1,0.4,0.9,37.0,1.9,6.2,31.1
Tim Quarterman,/stats/player/1627817/,HOU,23.0,0.0,0.0,0.0,0.3,0.3,100.0,0.0,0.0,0.0,0.0,0.0,0.0,0.0,0.0,0.0,0.0,0.0,0.0,0.0,0.7,0.0
Timofey Mozgov,/stats/player/202389/,BKN,31.0,1.3,1.9,69.5,0.2,0.4,50.0,0.0,0.1,25.0,0.0,0.3,14.3,0.1,0.3,37.5,0.1,0.5,26.7,0.0,0.1,0.0
Timothe Luwawu-Cabarrot,/stats/player/1627789/,PHI,23.0,0.8,1.6,50.6,0.0,0.2,0.0,0.1,0.3,30.8,0.2,0.6,29.6,0.2,0.6,39.1,0.4,1.1,34.0,0.7,2.1,33.3
Tobias Harris,/stats/player/202699/,LAC,25.0,2.2,3.7,61.1,1.4,3.3,41.3,1.1,2.8,41.4,0.3,0.6,43.8,0.4,0.7,48.3,0.6,1.3,46.2,1.7,4.2,39.8
Tomas Satoransky,/stats/player/203107/,WAS,26.0,1.1,1.7,66.4,0.5,1.2,45.9,0.5,1.0,44.7,0.1,0.2,27.3,0.3,0.5,58.1,0.3,0.6,50.0,0.4,0.8,45.6
Tony Allen,/stats/player/2754/,NOP,36.0,1.7,3.0,56.9,0.1,0.4,25.0,0.0,0.3,16.7,0.1,0.1,100.0,0.1,0.1,50.0,0.2,0.2,75.0,0.0,0.3,14.3
Tony Bradley,/stats/player/1628396/,UTA,20.0,0.3,0.5,50.0,0.1,0.6,20.0,0.0,0.1,0.0,0.0,0.0,0.0,0.0,0.0,0.0,0.0,0.0,0.0,0.0,0.1,0.0
Tony Parker,/stats/player/2225/,SAS,36.0,1.6,2.6,61.5,0.5,1.2,38.5,1.0,2.6,38.5,0.2,0.3,50.0,0.0,0.2,0.0,0.1,0.5,28.6,0.0,0.1,25.0
Tony Snell,/stats/player/203503/,MIL,26.0,0.7,1.1,62.0,0.1,0.5,29.4,0.2,0.6,40.9,0.3,0.6,46.5,0.3,0.8,41.0,0.6,1.4,43.3,0.8,2.2,38.4
Torrey Craig,/stats/player/1628470/,DEN,27.0,1.0,1.7,60.6,0.0,0.2,0.0,0.1,0.2,83.3,0.2,0.3,45.5,0.1,0.3,27.3,0.2,0.6,36.4,0.2,0.8,27.3
Travis Wear,/stats/player/204037/,LAL,27.0,0.1,0.1,100.0,0.1,0.2,25.0,0.4,1.2,28.6,0.1,0.1,100.0,0.3,0.4,66.7,0.3,0.4,71.4,0.7,2.3,30.8
Treveon Graham,/stats/player/1626203/,CHA,24.0,0.5,0.9,53.4,0.2,0.6,35.1,0.2,0.5,41.4,0.1,0.3,42.9,0.2,0.5,40.0,0.3,0.7,41.0,0.4,0.9,41.4
Trevor Ariza,/stats/player/2772/,HOU,33.0,1.4,2.3,60.8,0.1,0.4,14.8,0.0,0.1,11.1,0.5,1.1,42.7,0.7,1.7,43.4,1.2,2.8,43.1,1.3,4.1,32.7
Trevor Booker,/stats/player/202344/,IND,30.0,1.6,2.5,63.7,0.7,1.7,44.6,0.2,0.4,40.0,0.0,0.1,25.0,0.0,0.1,20.0,0.0,0.1,22.2,0.1,0.4,25.0
Trey Burke,/stats/player/203504/,NYK,25.0,1.3,1.8,71.9,0.6,1.4,40.8,2.5,4.6,53.6,0.2,0.3,50.0,0.1,0.2,40.0,0.2,0.4,46.7,0.9,2.4,35.6
Trey Lyles,/stats/player/1626168/,DEN,22.0,1.8,2.7,66.5,0.5,1.1,40.2,0.3,0.7,43.4,0.1,0.5,26.7,0.2,0.2,64.3,0.3,0.7,38.6,0.9,2.3,38.6
Trey McKinney-Jones,/stats/player/203590/,IND,27.0,0.0,0.0,0.0,0.0,0.0,0.0,0.0,0.0,0.0,0.0,0.0,0.0,0.0,0.0,0.0,0.0,0.0,0.0,0.0,0.0,0.0
Tristan Thompson,/stats/player/202684/,CLE,27.0,2.1,3.2,65.3,0.3,1.0,35.3,0.1,0.3,29.4,0.0,0.0,0.0,0.0,0.0,0.0,0.0,0.0,0.0,0.0,0.0,0.0
Troy Daniels,/stats/player/203584/,PHX,26.0,0.2,0.4,44.8,0.2,0.4,46.7,0.3,0.7,37.9,0.4,0.8,50.9,0.4,0.8,47.5,0.7,1.5,49.1,1.6,4.3,37.1
Troy Williams,/stats/player/1627786/,NYK,23.0,1.7,2.8,60.3,0.1,0.2,60.0,0.1,0.4,25.0,0.1,0.3,50.0,0.0,0.2,0.0,0.1,0.4,28.6,0.4,1.5,29.0
Tyler Cavanaugh,/stats/player/1628463/,ATL,24.0,0.6,1.1,54.5,0.1,0.3,45.5,0.2,0.2,75.0,0.1,0.5,26.7,0.3,0.6,50.0,0.4,1.0,39.4,0.5,1.5,33.9
Tyler Dorsey,/stats/player/1628416/,ATL,22.0,0.7,1.4,51.3,0.1,0.7,17.9,0.5,1.2,37.9,0.1,0.4,27.8,0.1,0.3,46.2,0.2,0.6,35.5,1.1,2.9,37.0
Tyler Ennis,/stats/player/203898/,LAL,23.0,1.0,1.9,54.4,0.2,0.6,34.4,0.3,0.6,39.4,0.1,0.2,50.0,0.1,0.1,75.0,0.1,0.2,60.0,0.2,0.8,18.2
Tyler Johnson,/stats/player/204020/,MIA,26.0,1.4,2.2,63.9,0.5,1.2,40.9,0.8,2.0,38.2,0.2,0.5,35.3,0.3,0.9,38.7,0.5,1.3,37.5,1.2,3.2,36.6
Tyler Lydon,/stats/player/1628399/,DEN,22.0,0.0,0.0,0.0,0.0,0.0,0.0,0.0,0.0,0.0,0.0,0.0,0.0,0.0,0.0,0.0,0.0,0.0,0.0,0.0,0.0,0.0
Tyler Ulis,/stats/player/1627755/,PHX,22.0,0.5,1.1,41.0,0.8,1.9,44.0,1.1,2.7,42.0,0.1,0.2,35.7,0.0,0.1,0.0,0.1,0.3,25.0,0.5,1.7,30.1
Tyler Zeller,/stats/player/203092/,MIL,28.0,2.1,3.1,66.8,0.5,1.2,42.3,0.1,0.3,30.4,0.1,0.3,53.3,0.0,0.1,28.6,0.2,0.4,45.5,0.0,0.1,0.0
Tyreke Evans,/stats/player/201936/,MEM,28.0,3.8,7.2,53.3,0.3,1.2,30.0,0.7,1.7,39.3,0.0,0.1,33.3,0.0,0.2,22.2,0.1,0.3,26.7,2.1,5.2,40.5
Tyrone Wallace,/stats/player/1627820/,LAC,24.0,2.0,3.4,60.4,1.1,2.9,37.3,0.3,0.8,34.8,0.2,0.4,45.5,0.1,0.4,27.3,0.3,0.8,36.4,0.1,0.6,11.8
Tyson Chandler,/stats/player/2199/,PHX,35.0,2.6,3.9,65.9,0.0,0.1,33.3,0.0,0.0,50.0,0.0,0.0,0.0,0.0,0.0,0.0,0.0,0.0,0.0,0.0,0.0,0.0
Tyus Jones,/stats/player/1626145/,MIN,22.0,0.7,1.0,62.8,0.4,0.8,46.4,0.2,0.5,43.2,0.2,0.5,37.1,0.0,0.2,30.0,0.2,0.6,35.6,0.4,1.0,35.4
Udonis Haslem,/stats/player/2617/,MIA,38.0,0.0,0.0,0.0,0.2,0.2,100.0,0.0,0.4,0.0,0.0,0.0,0.0,0.2,0.5,33.3,0.1,0.3,33.3,0.0,0.4,0.0
Vander Blue,/stats/player/203505/,LAL,25.0,0.2,0.6,33.3,0.0,0.0,0.0,0.0,0.0,0.0,0.0,0.0,0.0,0.0,0.0,0.0,0.0,0.0,0.0,0.0,0.4,0.0
Victor Oladipo,/stats/player/203506/,IND,26.0,3.4,5.1,66.8,0.9,2.0,45.0,2.1,5.0,41.6,0.2,0.3,53.8,0.2,0.3,57.9,0.3,0.6,55.6,1.8,5.2,35.1
Vince Carter,/stats/player/1713/,SAC,41.0,0.5,0.9,56.9,0.1,0.4,31.8,0.4,0.8,46.7,0.1,0.3,23.1,0.1,0.3,38.5,0.1,0.5,30.8,0.8,2.4,35.8
Vincent Hunter,/stats/player/1626205/,MEM,23.0,0.5,0.8,66.7,0.0,0.3,0.0,0.3,0.3,100.0,0.0,0.0,0.0,0.0,0.0,0.0,0.0,0.0,0.0,0.0,0.0,0.0
Wade Baldwin IV,/stats/player/1627735/,POR,22.0,0.9,1.0,85.7,0.5,1.2,42.9,0.2,0.3,50.0,0.0,0.0,0.0,0.0,0.0,0.0,0.0,0.0,0.0,0.6,0.7,80.0
Walt Lemon Jr.,/stats/player/1627215/,NOP,25.0,0.8,2.0,40.0,0.4,0.8,50.0,0.0,0.2,0.0,0.0,0.0,0.0,0.0,0.0,0.0,0.0,0.0,0.0,0.2,0.2,100.0
Wayne Ellington,/stats/player/201961/,MIA,30.0,0.5,0.8,62.3,0.0,0.2,14.3,0.2,0.6,39.1,0.4,0.8,48.3,0.5,1.0,47.8,0.8,1.7,48.1,2.1,5.8,36.7
Wayne Selden,/stats/player/1627782/,MEM,23.0,1.0,1.8,53.1,0.5,1.3,34.0,0.5,1.0,47.2,0.2,0.5,37.5,0.1,0.3,22.2,0.2,0.7,32.0,1.2,2.8,42.3
Wes Iwundu,/stats/player/1628411/,ORL,23.0,1.0,1.5,61.7,0.2,0.5,35.3,0.2,0.7,31.8,0.1,0.4,21.1,0.0,0.1,33.3,0.1,0.5,24.0,0.0,0.3,14.3
Wesley Johnson,/stats/player/202325/,LAC,30.0,0.5,0.8,61.3,0.0,0.1,30.0,0.7,1.6,41.2,0.4,0.9,38.1,0.2,0.6,40.0,0.5,1.4,38.8,0.3,1.1,28.2
Wesley Matthews,/stats/player/202083/,DAL,31.0,0.6,1.2,48.6,0.9,1.8,47.4,0.6,1.7,37.4,0.3,0.8,41.2,0.3,0.6,51.4,0.6,1.4,45.3,1.8,5.0,36.2
Will Barton,/stats/player/203115/,DEN,27.0,2.8,4.4,64.1,0.7,2.1,31.5,0.3,1.0,32.5,0.2,0.3,51.9,0.0,0.2,30.8,0.2,0.5,45.0,1.7,4.7,36.6
Willie Cauley-Stein,/stats/player/1626161/,SAC,24.0,3.6,5.6,64.3,0.9,2.8,31.2,0.8,2.1,39.1,0.0,0.0,33.3,0.0,0.0,0.0,0.0,0.0,33.3,0.0,0.1,40.0
Willie Reed,/stats/player/203186/,DET,28.0,1.4,2.0,71.3,0.5,0.7,62.1,0.1,0.3,50.0,0.0,0.0,0.0,0.0,0.0,0.0,0.0,0.0,0.0,0.0,0.1,50.0
Willy Hernangomez,/stats/player/1626195/,CHA,24.0,1.4,2.1,66.3,0.3,0.8,43.2,0.1,0.3,21.4,0.1,0.1,100.0,0.0,0.0,0.0,0.1,0.1,66.7,0.1,0.2,33.3
Wilson Chandler,/stats/player/201163/,DEN,31.0,1.8,3.0,61.2,0.5,1.3,38.8,0.3,0.9,30.4,0.1,0.2,27.8,0.2,0.6,31.8,0.3,0.8,30.6,0.9,2.5,37.7
Xavier Munford,/stats/player/204098/,MIL,26.0,0.0,0.2,0.0,0.0,0.2,0.0,0.2,0.3,50.0,0.0,0.0,0.0,0.0,0.0,0.0,0.0,0.0,0.0,0.0,0.4,0.0
Xavier Rathan-Mayes,/stats/player/1628504/,MEM,24.0,1.0,1.4,71.4,0.2,1.4,14.3,1.0,2.8,35.7,0.0,0.0,0.0,0.0,0.0,0.0,0.0,0.0,0.0,0.2,2.8,7.1
Xavier Silas,/stats/player/202918/,BOS,30.0,0.0,0.0,0.0,0.0,0.0,0.0,0.0,1.0,0.0,0.0,0.0,0.0,0.0,0.0,0.0,0.0,0.0,0.0,0.0,1.0,0.0
Yogi Ferrell,/stats/player/1627812/,DAL,25.0,0.8,1.5,54.0,0.3,0.9,36.6,1.0,2.1,47.7,0.2,0.4,48.6,0.2,0.4,56.0,0.4,0.7,51.7,1.3,3.6,34.6
Zach Collins,/stats/player/1628380/,POR,20.0,0.8,1.4,56.8,0.2,0.6,40.5,0.2,0.8,29.4,0.1,0.3,40.0,0.1,0.3,38.9,0.2,0.5,39.4,0.3,1.2,27.8
Zach LaVine,/stats/player/203897/,CHI,23.0,2.8,5.5,50.4,0.4,1.3,32.3,0.8,3.0,25.4,0.0,0.3,12.5,0.1,0.3,33.3,0.1,0.6,21.4,1.6,4.5,36.1
